problem,epsilon,seeds,relative_l2_f_median,relative_l2_f_min,relative_l2_f_max,relative_l2_rho_median,relative_l2_rho_min,relative_l2_rho_max,condition_number_median,condition_number_min,condition_number_max,rank_median,rank_min,rank_max,num_rows_median,num_rows_min,num_rows_max,num_columns_median,num_columns_min,num_columns_max,oversampling_ratio_median,oversampling_ratio_min,oversampling_ratio_max,feature_seconds_median,feature_seconds_min,feature_seconds_max,assembly_seconds_median,assembly_seconds_min,assembly_seconds_max,solve_seconds_median,solve_seconds_min,solve_seconds_max,total_seconds_median,total_seconds_min,total_seconds_max
p1,1.0,7,5.1300034618768296e-11,5.1300034618768296e-11,5.1300034618768296e-11,3.960332126443266e-11,3.960332126443266e-11,3.960332126443266e-11,450052344728.58923,450052344728.58923,450052344728.58923,81.0,81.0,81.0,3008.0,3008.0,3008.0,128.0,128.0,128.0,23.5,23.5,23.5,0.03630194067955017,0.03115306794643402,0.04377744346857071,5.190165478736162,3.5732984878122807,5.642974629998207,7.239665899425745,0.020517144352197647,7.602800652384758,14.616050589829683,4.909813586622477,15.373324789106846
p1,0.001,7,4.936841084849113e-11,4.9368410848491124e-11,4.936841084849113e-11,4.936832649158103e-11,4.936832649158103e-11,4.936832649158103e-11,380630701805.7803,380630701805.7803,380630701805.7803,81.0,81.0,81.0,3008.0,3008.0,3008.0,128.0,128.0,128.0,23.5,23.5,23.5,0.03736498951911926,0.03570433333516121,0.0603499636054039,4.969678815454245,3.5308934673666954,6.093341775238514,6.198808278888464,0.01783241331577301,7.046365708112717,13.75970085337758,4.803628694266081,14.632933776825666
p2,1.0,4,0.02925870126465653,0.02925870126465526,0.029258701264657804,0.004178777803837644,0.0041787778038279025,0.004178777803847384,994548.0985334078,994548.0985272948,994548.0985395206,335.0,335.0,335.0,3008.0,3008.0,3008.0,1024.0,1024.0,1024.0,2.9375,2.9375,2.9375,0.039506200700998306,0.0337425172328949,0.09425171837210655,52.0526760276407,44.269441198557615,80.71250001341105,30.382204443216324,0.4111330658197403,84.45528545603156,120.12051497213542,66.80449797585607,249.51587529480457
p2,0.001,3,0.0009903124442218083,0.0009903124440819992,0.0009903124442218083,0.0009662297837210013,0.0009662297835781268,0.0009662297837210013,997252.9997101283,997252.9997101283,997252.9997104115,210.0,210.0,210.0,3008.0,3008.0,3008.0,1024.0,1024.0,1024.0,2.9375,2.9375,2.9375,0.033739712089300156,0.03362468630075455,0.04061548784375191,44.189923372119665,44.00896943360567,66.26804772764444,0.4087514504790306,0.4079621843993664,59.42663261666894,65.51674673333764,65.34604653716087,153.18246779590845
p3,1.0,3,9.833045782924472e-09,9.833045782924472e-09,9.833045782924472e-09,9.69811669973079e-09,9.69811669973079e-09,9.69811669973079e-09,903586302566.1133,903586302566.1133,903586302566.1133,412.0,412.0,412.0,16008.0,16008.0,16008.0,512.0,512.0,512.0,31.265625,31.265625,31.265625,0.033761437982320786,0.033335596323013306,0.0402454175055027,27.616603199392557,26.68844836577773,29.041141416877508,0.4754197634756565,0.47245291993021965,0.4910016134381294,30.457879185676575,29.498412933200598,31.886109314858913
p3,0.001,3,1.3554046822855015e-07,1.3554046822855015e-07,1.3554046822855015e-07,1.3554037617788425e-07,1.3554037617788425e-07,1.3554037617788425e-07,850812888651.4089,850812888651.4089,850812888651.4089,411.0,411.0,411.0,16008.0,16008.0,16008.0,512.0,512.0,512.0,31.265625,31.265625,31.265625,0.029955092817544937,0.02931232750415802,0.03715814650058746,27.768744345754385,27.68485487252474,27.823784794658422,0.486922737210989,0.4763645976781845,0.4949851930141449,30.505279257893562,30.398993976414204,30.53769166022539
p4,1.0,3,6.32788531621865e-05,6.32788531621865e-05,6.32792679672504e-05,5.540785441461263e-05,5.540785441461263e-05,5.540838029618014e-05,834967809493.1001,834967809493.1001,834967855168.4414,410.0,410.0,410.0,15736.0,15736.0,15736.0,512.0,512.0,512.0,30.734375,30.734375,30.734375,0.02961098775267601,0.02900063246488571,0.04789894446730614,23.9003127515316,23.876576088368893,26.84047655761242,0.48588018491864204,0.4751420170068741,19.516490556299686,26.772101543843746,26.764039427042007,50.879908472299576
p4,0.001,3,0.0004450244062798131,0.0004450240188875927,0.0004450244062798131,0.0004450195443164543,0.000445019156923505,0.0004450195443164543,996913721657.9884,996913651602.6366,996913721657.9884,413.0,413.0,413.0,15736.0,15736.0,15736.0,512.0,512.0,512.0,30.734375,30.734375,30.734375,0.029676031321287155,0.029614601284265518,0.033081233501434326,23.792878102511168,23.402933474630117,40.0110928080976,0.4848710000514984,0.4735880717635155,44.98457194119692,26.62531926482916,26.19849507510662,88.46080147847533
p5,1.0,3,3.4867518893328584e-05,3.48674098304773e-05,3.4867518893328584e-05,3.4855812916827844e-05,3.485570374263391e-05,3.4855812916827844e-05,693297536316.2302,693297093720.1566,693297536316.2302,766.0,766.0,766.0,16008.0,16008.0,16008.0,768.0,768.0,768.0,20.84375,20.84375,20.84375,0.032857686281204224,0.028242327272892,0.03429042920470238,40.14831846579909,39.76754537969828,62.87548212707043,0.7916024774312973,0.7787368707358837,80.17955049872398,50.8988446071744,50.60745865479112,151.3376012146473
p5,0.001,3,6.908533005518714e-05,6.908533005518714e-05,6.908537578085079e-05,6.908532084896454e-05,6.908532084896454e-05,6.90853665746347e-05,637031401595.9058,637030238936.4342,637031401595.9058,766.0,766.0,766.0,16008.0,16008.0,16008.0,768.0,768.0,768.0,20.84375,20.84375,20.84375,0.03517051041126251,0.028722543269395828,0.036529894918203354,40.33209631964564,40.21206668391824,47.794486969709396,0.7914763987064362,0.771870382130146,71.5696236230433,51.40224467590451,51.312025368213654,134.22392179444432
