problem,epsilon,seed,Ef,Erho,Rhalf
P1,1e+00,11,5.54942489e-07,4.68800232e-08,4.25167184e-07
P1,1e+00,23,1.97182386e-08,3.71663009e-09,1.49036615e-08
P1,1e+00,37,6.49024886e-09,8.92612416e-10,4.03778526e-09
P1,1e-03,11,4.09771496e-07,2.42122184e-07,4.25735443e-07
P1,1e-03,23,1.23407488e-08,4.13637026e-09,1.55669525e-08
P1,1e-03,37,5.21259505e-09,3.88298114e-09,5.06219989e-09
P1,1e-06,11,4.09623778e-07,2.41263738e-07,4.25197830e-07
P1,1e-06,23,1.24309763e-08,4.22873172e-09,1.55044508e-08
P1,1e-06,37,5.24553133e-09,3.92753278e-09,5.05901700e-09
P2,1e+00,11,3.04396558e-02,1.93996718e-03,1.79984166e-03
P2,1e+00,23,3.29173376e-02,2.06641490e-03,1.83767693e-03
P2,1e+00,37,2.70422694e-02,2.10306890e-03,1.72675617e-03
P2,1e-03,11,7.27356670e-03,1.95522873e-03,9.69219071e-04
P2,1e-03,23,7.44125399e-03,2.99689082e-03,1.18583655e-03
P2,1e-03,37,3.84801658e-03,2.00824396e-03,6.81539744e-04
