method,epsilon,seed,relative_l2_f
MM-APRFM,1e-06,11,9.27033075076247e-11
OE-APRFM,1.0,11,5.549424894364047e-07
unconstrained angular RFM,1.0,11,0.10920628171876413
OE without projection/rescaling,1.0,11,6.326425808915031e-07
OE-APRFM,0.001,11,4.097714960693775e-07
unconstrained angular RFM,0.001,11,0.021820546424817146
OE without projection/rescaling,0.001,11,0.0019820835765310342
OE-APRFM,1e-06,11,4.0962377848909644e-07
unconstrained angular RFM,1e-06,11,0.022090781908327462
OE without projection/rescaling,1e-06,11,0.03439938464319403
Direct RFM,1e-06,11,0.0011534325138634245
Direct RFM,1.0,11,9.802100208656634e-11
Direct RFM,0.001,11,1.275900577219612e-06
MM-APRFM,1.0,11,5.1300034618768296e-11
MM-APRFM,0.001,11,4.936841084849113e-11
