epsilon,t,reference,seeds,Ef,Ef_min,Ef_max,Erho,Erho_min,Erho_max,Eq_relative,Eq_relative_min,Eq_relative_max,Ediff_BE,Ediff_BE_min,Ediff_BE_max
1,0.02,ct,3,4.9953748096094086e-05,4.9953733783493434e-05,4.99537505078125e-05,3.587411491977462e-05,3.587409784179218e-05,3.5874118659292863e-05,0.0014864649087166057,0.0014864646667556007,0.001486464920164888,0.03176079272411349,0.03176079272036318,0.03176079274144303
1,0.02,be,3,7.97727729224753e-10,5.849138061435586e-10,4.017228121792555e-09,7.561001049076408e-10,5.371215222206489e-10,3.6656758601482257e-09,2.1992283618948558e-08,2.0129832324407963e-08,1.232902563027299e-07,0.03176079272411349,0.03176079272036318,0.03176079274144303
1,0.1,ct,3,0.0002388438902749128,0.00023884387470904928,0.00023884389610560712,0.00014640296662687242,0.0001464029395842216,0.00014640297651882035,0.0031867054710953465,0.0031867054491172783,0.0031867055312855283,0.09379148680602305,0.09379148679605175,0.09379148683328851
1,0.1,be,3,2.8441657384765403e-09,2.332738276356539e-09,4.733350855170505e-09,1.4671708619231924e-09,1.4467011470967565e-09,2.0032863470146072e-09,3.254546481822068e-08,2.7956357379663778e-08,4.9355688968134963e-08,0.09379148680602305,0.09379148679605175,0.09379148683328851
1,0.2,ct,3,0.00044301603993418575,0.0004430159540600106,0.00044301606618497413,0.00016525199014027703,0.00016525180952635876,0.0001652520151355035,0.004956127493904092,0.004956127120235547,0.004956127698600249,0.09843613092191143,0.09843613089680688,0.09843613110368406
1,0.2,be,3,7.2583226801688195e-09,5.193183132626906e-09,1.0659826599483222e-08,3.579454671769122e-09,6.748432381969609e-10,5.664725297168934e-09,3.365209303843782e-08,2.991012334393462e-08,7.257886977461367e-08,0.09843613092191143,0.09843613089680688,0.09843613110368406
0.1,0.02,ct,3,0.0016445562384505845,0.0016445562124421346,0.0016445562593953972,0.00012639287541034295,0.00012639275778605186,0.00012639295180344418,0.039779211965859415,0.03977921153778381,0.039779212344118554,0.012208269088314913,0.012208269011807557,0.012208269206278287
0.1,0.02,be,3,4.334997550871063e-09,3.601973806561178e-09,1.0898020033294098e-08,2.581268184798778e-09,2.253766094908261e-09,7.06321718962708e-09,5.937807006129875e-08,5.03894874692092e-08,1.5792133069586264e-07,0.012208269088314913,0.012208269011807557,0.012208269206278287
0.1,0.1,ct,3,0.0008139434443625294,0.0008139430992814273,0.0008139447598470392,0.0007570209051056758,0.0007570205768489661,0.0007570221584028035,0.018153063211347308,0.018153056437935647,0.018153088330551015,0.00398333531949395,0.003983334991193676,0.003983336572948062
0.1,0.1,be,3,3.738717262076475e-09,3.2760152199596462e-09,6.2309093523609486e-09,1.8906142463663036e-09,1.2499859818404976e-09,3.65118627384883e-09,1.1300438674824504e-07,8.556383590079227e-08,1.8084490461655975e-07,0.00398333531949395,0.003983334991193676,0.003983336572948062
0.1,0.2,ct,3,0.00042529765509478706,0.00042529735102907554,0.00042529849723977974,0.0003955090096432592,0.0003955087232616099,0.0003955097989738423,0.036561354995348766,0.03656133065817139,0.03656142411942629,0.0006873927923466893,0.0006873925059637973,0.0006873935816775191
0.1,0.2,be,3,1.7426097967911887e-09,1.1323857049646712e-09,2.4989248380021722e-09,9.82488962892445e-10,4.969406478403247e-10,2.2444387864685393e-09,1.6018833689104807e-07,1.1608559868022816e-07,1.8063614908909515e-07,0.0006873927923466893,0.0006873925059637973,0.0006873935816775191
0.01,0.02,ct,3,0.000369331242567997,0.00036933104219102317,0.0003693312703562259,0.00036909093553355403,0.00036909073528395116,0.0003690909633039085,0.0034114221427853407,0.003411420305046308,0.0034114223981778343,0.00013546247044271152,0.00013546227023886334,0.00013546249821175143
0.01,0.02,be,3,8.498490516160694e-10,6.629604219031683e-10,4.3697217767192674e-09,8.268593514943231e-10,6.469662381242596e-10,4.262298223690587e-09,4.653806848554321e-08,3.440909209706882e-08,2.0717450972214905e-07,0.00013546247044271152,0.00013546227023886334,0.00013546249821175143
0.01,0.1,ct,3,0.0006520319119192135,0.000652031560854739,0.0006520319602704189,0.0006516032560204293,0.0006516029051860046,0.0006516033043399142,0.017173886476952453,0.017173877238823645,0.017173887749279606,3.774515215361599e-05,3.774480136092315e-05,3.774520047123879e-05
0.01,0.1,be,3,3.804663259906805e-10,2.7284597334321416e-10,1.7754927374160057e-09,3.739788299574296e-10,2.6793434610465974e-10,1.7420467834255683e-09,4.667891100005058e-08,3.447215055200448e-08,2.0772729757115454e-07,3.774515215361599e-05,3.774480136092315e-05,3.774520047123879e-05
0.01,0.2,ct,3,0.00035289360325660955,0.00035289341204855994,0.00035289362962639053,0.0003526612950437083,0.00035266110396133264,0.0003526613213961429,0.03464271534932033,0.03464269658690541,0.03464271793678889,6.748575849563589e-06,6.748384834616524e-06,6.7486021989335885e-06
0.01,0.2,be,3,2.657539316966312e-10,1.63370919483759e-10,1.0295722027439947e-09,2.6506097106121166e-10,1.6276140470925113e-10,1.0252809763153664e-09,4.7001422449669715e-08,3.4586558336778184e-08,2.087039337487419e-07,6.748575849563589e-06,6.748384834616524e-06,6.7486021989335885e-06
0.001,0.02,ct,3,0.00036845254632403345,0.0003684524192349689,0.0003684525964802504,0.0003684501502984699,0.0003684500232098627,0.0003684502004543585,0.0034096565096484875,0.0034096553430273133,0.003409656973285286,1.353539228016163e-06,1.3534176421236156e-06,1.353589316626925e-06
0.001,0.02,be,3,7.565777930468519e-10,6.219841603044145e-10,3.977041991157152e-09,7.540429086106663e-10,6.202069573941795e-10,3.942559506395076e-09,4.4605166446518614e-08,3.407818549676236e-08,2.0536038085698626e-07,1.353539228016163e-06,1.3534176421236156e-06,1.353589316626925e-06
0.001,0.1,ct,3,0.0006506440016331113,0.0006506437790857029,0.0006506440895364047,0.0006506397266929272,0.0006506395041469517,0.000650639814595636,0.017164937267950525,0.01716493140183978,0.017164939586542718,3.770939728739376e-07,3.7687430563880833e-07,3.771817845960929e-07
0.001,0.1,be,3,3.898744067559242e-10,2.5442909105953125e-10,1.5725040219356792e-09,3.8925667872790407e-10,2.5388083638812084e-10,1.5614934365435178e-09,4.4834954133740046e-08,3.412808402484999e-08,2.057139039771183e-07,3.770939728739376e-07,3.7687430563880833e-07,3.771817845960929e-07
0.001,0.2,ct,3,0.00035226091208408574,0.00035226079079072724,0.00035226096001849386,0.00035225859452636373,0.0003522584732338057,0.0003522586424604491,0.03462450962956881,0.034624497711867895,0.03462451434073848,6.738781623237405e-08,6.72708083630949e-08,6.74352130334771e-08
0.001,0.2,be,3,3.180451147448527e-10,1.5097948970110843e-10,8.459399806478342e-10,3.1799008131324383e-10,1.5091102722756525e-10,8.444211448565481e-10,4.5367848797950145e-08,3.4206813052166397e-08,2.0628192790554026e-07,6.738781623237405e-08,6.72708083630949e-08,6.74352130334771e-08
