run,baseline,t,rank,baseline_rank,f_change,rho_change,q_change
feature_check/s11_eps1e+00_dt2e-03_J256_q64,factorized_check/s11_eps1e+00_dt2e-03_J128_q64,0.02,237,202,5.019580157471793e-10,4.451339341885116e-10,1.9430714585468e-08
feature_check/s11_eps1e+00_dt2e-03_J256_q64,factorized_check/s11_eps1e+00_dt2e-03_J128_q64,0.1,237,202,2.7509814502523753e-09,1.9535962245160137e-09,3.162816208565822e-08
feature_check/s11_eps1e+00_dt2e-03_J256_q64,factorized_check/s11_eps1e+00_dt2e-03_J128_q64,0.2,237,202,1.0500241023845245e-08,5.60941640888544e-09,7.181121983956308e-08
feature_check/s11_eps1e-03_dt2e-03_J256_q64,factorized_check/s11_eps1e-03_dt2e-03_J128_q64,0.02,235,197,5.755218851698537e-10,5.731112787936739e-10,3.096385690865508e-08
feature_check/s11_eps1e-03_dt2e-03_J256_q64,factorized_check/s11_eps1e-03_dt2e-03_J128_q64,0.1,235,197,2.1869351196454537e-10,2.178937465255816e-10,3.0986682619339495e-08
feature_check/s11_eps1e-03_dt2e-03_J256_q64,factorized_check/s11_eps1e-03_dt2e-03_J128_q64,0.2,235,197,1.0128223593233273e-10,1.0115482231000022e-10,3.100471518001246e-08
quadrature_check/s11_eps1e+00_dt2e-03_J128_q128,factorized_check/s11_eps1e+00_dt2e-03_J128_q64,0.02,202,202,6.322763486818627e-13,5.29078872375168e-13,2.2919796457082983e-11
quadrature_check/s11_eps1e+00_dt2e-03_J128_q128,factorized_check/s11_eps1e+00_dt2e-03_J128_q64,0.1,202,202,5.444238769484087e-12,4.7779611567179266e-12,2.8842247013424407e-11
quadrature_check/s11_eps1e+00_dt2e-03_J128_q128,factorized_check/s11_eps1e+00_dt2e-03_J128_q64,0.2,202,202,2.8788989329784557e-11,2.174847796269773e-11,1.4686591525001266e-10
quadrature_check/s11_eps1e-03_dt2e-03_J128_q128,factorized_check/s11_eps1e-03_dt2e-03_J128_q64,0.02,197,197,4.4073074810436604e-13,4.4016862774489167e-13,3.1616251249879778e-12
quadrature_check/s11_eps1e-03_dt2e-03_J128_q128,factorized_check/s11_eps1e-03_dt2e-03_J128_q64,0.1,197,197,1.1097218708835419e-12,1.1096918913410022e-12,8.896466265243638e-12
quadrature_check/s11_eps1e-03_dt2e-03_J128_q128,factorized_check/s11_eps1e-03_dt2e-03_J128_q64,0.2,197,197,1.4307118355627142e-12,1.4307093066125952e-12,1.6377171674187714e-11
