run,epsilon,dt,seed,J,nq,rank,max_mass_drift,max_periodic_r,max_periodic_j,min_f,constant_r_error,constant_j_error,constant_pass_1e8,assembly_factorization_seconds,advance_seconds,total_seconds
factorized_check/s11_eps1e+00_dt2e-03_J128_q64,1,0.002,11,128,64,202,1.2380430014502508e-10,5.817080290820743e-09,2.3493574055840473e-10,0.8000011801701004,6.351893298025256e-13,2.697957454202733e-13,True,0.2719491235911846,0.2505367398262024,3.7853772826492786
factorized_check/s11_eps1e-01_dt2e-03_J128_q64,0.1,0.002,11,128,64,201,5.699698490957417e-10,1.2504763495994364e-08,3.1767468579472115e-10,0.8000037649434798,6.773964070677419e-13,1.7515126474082787e-12,True,0.2930314466357231,0.287945918738842,4.176241025328636
factorized_check/s11_eps1e-02_dt2e-03_J128_q64,0.01,0.002,11,128,64,198,1.4413714666261512e-10,2.00263581771011e-10,1.883690932311583e-11,0.8000037649434798,6.026093689458485e-13,7.629936266588985e-12,True,0.2186729498207569,0.25134022533893585,3.701280292123556
factorized_check/s11_eps1e-03_dt2e-03_J128_q64,0.001,0.002,11,128,64,197,1.330786592035338e-10,1.29757551540076e-10,2.972564590397205e-11,0.8000037649434798,6.099905307609323e-13,1.0231621362441588e-11,True,0.21533944457769394,0.2509290426969528,3.6516907773911953
factorized_check/s23_eps1e+00_dt2e-03_J128_q64,1.0,0.002,23,128,64,198,3.734457187931639e-11,3.6408627267629496e-09,4.239049649290671e-11,0.8000011802109339,5.521234297826628e-13,7.735498975982586e-13,True,0.2576550282537937,0.23779874294996262,3.5719797052443027
factorized_check/s23_eps1e-01_dt2e-03_J128_q64,0.1,0.002,23,128,64,197,3.9334757673259446e-11,2.3864569124810494e-08,1.4581830293826242e-10,0.8000037649434798,5.713032955348792e-13,2.3205098327295526e-12,True,0.2263416051864624,0.27872493490576744,4.117580518126488
factorized_check/s23_eps1e-02_dt2e-03_J128_q64,0.01,0.002,23,128,64,194,2.4240387475060743e-10,6.443527650593593e-10,8.047658079595001e-12,0.8000037649434798,4.596928424588343e-13,1.228006311508404e-11,True,0.23102086037397385,0.26164325326681137,3.938232760876417
factorized_check/s23_eps1e-03_dt2e-03_J128_q64,0.001,0.002,23,128,64,194,2.9710178761632733e-10,3.284114618043274e-10,7.281856193168808e-12,0.8000037649434798,4.686131375879777e-13,1.3997700003351066e-11,True,0.23469475284218788,0.2731410153210163,3.922757439315319
factorized_check/s37_eps1e+00_dt2e-03_J128_q64,1.0,0.002,37,128,64,192,5.009792580779049e-11,1.258932686885742e-09,9.559331187872944e-11,0.8000011762731791,3.3111199116833167e-13,3.4699397057103836e-13,True,0.27663228288292885,0.25557783991098404,3.8936568796634674
factorized_check/s37_eps1e-01_dt2e-03_J128_q64,0.1,0.002,37,128,64,192,1.98097604986458e-09,1.4137866439042445e-08,2.3053731042739584e-10,0.8000037649434798,3.433860247847015e-13,9.30853774979055e-13,True,0.21764793246984482,0.2508700154721737,3.7169338203966618
factorized_check/s37_eps1e-02_dt2e-03_J128_q64,0.01,0.002,37,128,64,189,9.007141699157728e-10,2.5618736765764535e-09,1.3577731571507973e-10,0.8000037649434798,4.0095759113243013e-13,8.525577507057565e-12,True,0.21228838711977005,0.23871928080916405,3.547544904053211
factorized_check/s37_eps1e-03_dt2e-03_J128_q64,0.001,0.002,37,128,64,189,7.233960097607905e-10,2.2534165981927043e-09,1.0991692764381088e-10,0.8000037649434798,4.086655694242846e-13,9.910335492449272e-12,True,0.21600095927715302,0.24051433801651,3.601161528378725
feature_check/s11_eps1e+00_dt2e-03_J256_q64,1,0.002,11,256,64,237,5.976552586162143e-12,2.143532871008978e-10,2.7955732043373985e-12,0.8000011801456853,1.5609041101661536e-12,2.419807960022951e-13,True,0.592515841126442,0.415948573499918,6.794067930430174
feature_check/s11_eps1e-03_dt2e-03_J256_q64,0.001,0.002,11,256,64,235,5.183720119816826e-11,8.122421821935686e-11,3.330589713676618e-12,0.8000037649434798,2.9580539051572845e-13,4.282164271868086e-12,True,0.5179675780236721,0.39766617119312286,6.282888021320105
quadrature_check/s11_eps1e+00_dt2e-03_J128_q128,1,0.002,11,128,128,202,1.0353473633983867e-10,5.818252271531647e-09,2.350034859175603e-10,0.8000011801701086,6.353427392268432e-13,2.698374199337153e-13,True,0.3346871957182884,0.2656639516353607,3.872864853590727
quadrature_check/s11_eps1e-03_dt2e-03_J128_q128,0.001,0.002,11,128,128,197,1.3165779577661851e-10,1.2975898989289337e-10,2.972749747499963e-11,0.8000037649434798,6.096745467334851e-13,1.022732557432302e-11,True,0.32058100029826164,0.2549673616886139,3.7663854770362377
time_check/s11_eps1e+00_dt1e-03_J128_q64,1,0.001,11,128,64,200,6.249489814535991e-11,1.9043642704724107e-09,7.432829412011035e-11,0.800000695599328,6.399996609576572e-13,1.5667006760445095e-13,True,0.2568708062171936,0.48865782096982,5.952377941459417
time_check/s11_eps1e+00_dt4e-03_J128_q64,1,0.004,11,128,64,202,2.4551027877350862e-11,4.217152966259473e-09,9.707406392778142e-11,0.8000019305308252,6.383527726027016e-13,4.297195040844109e-13,True,0.25664860382676125,0.13016023859381676,2.550182729959488
time_check/s11_eps1e-03_dt1e-03_J128_q64,0.001,0.001,11,128,64,197,1.1838907632011342e-10,1.537187685227309e-10,2.9756323353871556e-11,0.8000037649434798,6.064747253678267e-13,1.077588727235931e-11,True,0.21481385082006454,0.4833839610219002,5.998987294733524
time_check/s11_eps1e-03_dt4e-03_J128_q64,0.001,0.004,11,128,64,197,1.3639900320328024e-10,1.2538154642650902e-10,2.5956314818665917e-11,0.8000037649434798,6.186034396260602e-13,1.0359394793159153e-11,True,0.24102625250816345,0.11483104899525642,2.368410252034664
