run,t,reference,metric,error,reference_delta,ratio,status
factorized_check/s11_eps1e+00_dt2e-03_J128_q64,0.0,ct,Ef,0.0,0.0,,initial exact state; no relative acceptance
factorized_check/s11_eps1e+00_dt2e-03_J128_q64,0.0,ct,Erho,0.0,0.0,,initial exact state; no relative acceptance
factorized_check/s11_eps1e+00_dt2e-03_J128_q64,0.0,ct,Eq_absolute,6.775240284969659e-19,2.5874326406531935e-20,0.03818953323903819,initial exact state; no relative acceptance
factorized_check/s11_eps1e+00_dt2e-03_J128_q64,0.0,be,Ef,0.0,0.0,,initial exact state; no relative acceptance
factorized_check/s11_eps1e+00_dt2e-03_J128_q64,0.0,be,Erho,0.0,0.0,,initial exact state; no relative acceptance
factorized_check/s11_eps1e+00_dt2e-03_J128_q64,0.0,be,Eq_absolute,6.775240284969659e-19,2.5874326406531935e-20,0.03818953323903819,initial exact state; no relative acceptance
factorized_check/s11_eps1e+00_dt2e-03_J128_q64,0.02,ct,Ef,4.9953748096094086e-05,2.939689935193679e-17,5.884823556259907e-13,pass
factorized_check/s11_eps1e+00_dt2e-03_J128_q64,0.02,ct,Erho,3.587411491977462e-05,8.415075344575074e-18,2.3457234731487396e-13,pass
factorized_check/s11_eps1e+00_dt2e-03_J128_q64,0.02,ct,Eq_absolute,8.70438562664743e-06,7.661041722874228e-17,8.8013583628704e-12,pass
factorized_check/s11_eps1e+00_dt2e-03_J128_q64,0.02,be,Ef,5.849138061435586e-10,8.338655236260842e-17,1.4256212024193939e-07,pass
factorized_check/s11_eps1e+00_dt2e-03_J128_q64,0.02,be,Erho,5.371215222206489e-10,1.0710695971964366e-16,1.9940917518409222e-07,pass
factorized_check/s11_eps1e+00_dt2e-03_J128_q64,0.02,be,Eq_absolute,1.1770030154805969e-10,7.558260739132751e-17,6.421615441695825e-07,pass
factorized_check/s11_eps1e+00_dt2e-03_J128_q64,0.1,ct,Ef,0.00023884387470904928,3.576997620029884e-17,1.4976300415437697e-13,pass
factorized_check/s11_eps1e+00_dt2e-03_J128_q64,0.1,ct,Erho,0.0001464029395842216,1.4664685962650165e-16,1.0016660870538034e-12,pass
factorized_check/s11_eps1e+00_dt2e-03_J128_q64,0.1,ct,Eq_absolute,8.636411837256899e-05,3.4552956060537116e-16,4.000846267135848e-12,pass
factorized_check/s11_eps1e+00_dt2e-03_J128_q64,0.1,be,Ef,2.8441657384765403e-09,7.106965923146878e-17,2.498787544973972e-08,pass
factorized_check/s11_eps1e+00_dt2e-03_J128_q64,0.1,be,Erho,2.0032863470146072e-09,3.5480996434637e-16,1.7711395321748423e-07,pass
factorized_check/s11_eps1e+00_dt2e-03_J128_q64,0.1,be,Eq_absolute,8.792162799764332e-10,3.092062989180239e-16,3.5168400080843814e-07,pass
factorized_check/s11_eps1e+00_dt2e-03_J128_q64,0.2,ct,Ef,0.0004430159540600106,6.250494101174892e-17,1.4108959381467794e-13,pass
factorized_check/s11_eps1e+00_dt2e-03_J128_q64,0.2,ct,Erho,0.00016525180952635876,3.7671201265275946e-16,2.279624130788543e-12,pass
factorized_check/s11_eps1e+00_dt2e-03_J128_q64,0.2,ct,Eq_absolute,0.00022723952807696503,4.870577595797176e-16,2.1433672376522154e-12,pass
factorized_check/s11_eps1e+00_dt2e-03_J128_q64,0.2,be,Ef,1.0659826599483222e-08,7.189271399695786e-17,6.744266740740712e-09,pass
factorized_check/s11_eps1e+00_dt2e-03_J128_q64,0.2,be,Erho,5.664725297168934e-09,8.20535868196442e-16,1.448500721838219e-07,pass
factorized_check/s11_eps1e+00_dt2e-03_J128_q64,0.2,be,Eq_absolute,3.311264492781152e-09,3.5690894962510313e-16,1.0778630049130658e-07,pass
factorized_check/s11_eps1e-01_dt2e-03_J128_q64,0.0,ct,Ef,0.0,0.0,,initial exact state; no relative acceptance
factorized_check/s11_eps1e-01_dt2e-03_J128_q64,0.0,ct,Erho,0.0,0.0,,initial exact state; no relative acceptance
factorized_check/s11_eps1e-01_dt2e-03_J128_q64,0.0,ct,Eq_absolute,6.775240284969659e-18,2.587432640653194e-19,0.03818953323903819,initial exact state; no relative acceptance
factorized_check/s11_eps1e-01_dt2e-03_J128_q64,0.0,be,Ef,0.0,0.0,,initial exact state; no relative acceptance
factorized_check/s11_eps1e-01_dt2e-03_J128_q64,0.0,be,Erho,0.0,0.0,,initial exact state; no relative acceptance
factorized_check/s11_eps1e-01_dt2e-03_J128_q64,0.0,be,Eq_absolute,6.775240284969659e-18,2.587432640653194e-19,0.03818953323903819,initial exact state; no relative acceptance
factorized_check/s11_eps1e-01_dt2e-03_J128_q64,0.02,ct,Ef,0.0016445562593953972,1.3744411206517183e-16,8.357519621475378e-14,pass
factorized_check/s11_eps1e-01_dt2e-03_J128_q64,0.02,ct,Erho,0.00012639295180344418,2.231519270377883e-16,1.7655409091546151e-12,pass
factorized_check/s11_eps1e-01_dt2e-03_J128_q64,0.02,ct,Eq_absolute,0.0090053308186895,2.6284622328830445e-15,2.918784757388348e-13,pass
factorized_check/s11_eps1e-01_dt2e-03_J128_q64,0.02,be,Ef,3.601973806561178e-09,1.0582339484436055e-16,2.9379279397201017e-08,pass
factorized_check/s11_eps1e-01_dt2e-03_J128_q64,0.02,be,Erho,2.253766094908261e-09,2.0842279247946453e-16,9.247756142500153e-08,pass
factorized_check/s11_eps1e-01_dt2e-03_J128_q64,0.02,be,Eq_absolute,1.0953540968458623e-08,2.4727654804392214e-15,2.2575032928253043e-07,pass
factorized_check/s11_eps1e-01_dt2e-03_J128_q64,0.1,ct,Ef,0.0008139430992814273,5.84960741417707e-16,7.186752267254645e-13,pass
factorized_check/s11_eps1e-01_dt2e-03_J128_q64,0.1,ct,Erho,0.0007570205768489661,6.101683868937946e-16,8.060129480675e-13,pass
factorized_check/s11_eps1e-01_dt2e-03_J128_q64,0.1,ct,Eq_absolute,0.001633164953016885,1.3811463773005685e-16,8.45687004701655e-14,pass
factorized_check/s11_eps1e-01_dt2e-03_J128_q64,0.1,be,Ef,3.738717262076475e-09,5.492589736732754e-16,1.469110754227556e-07,pass
factorized_check/s11_eps1e-01_dt2e-03_J128_q64,0.1,be,Erho,1.8906142463663036e-09,5.791535160200978e-16,3.0633087481130077e-07,pass
factorized_check/s11_eps1e-01_dt2e-03_J128_q64,0.1,be,Eq_absolute,1.0351151583724548e-08,4.3541360269749855e-17,4.206426687655831e-09,pass
factorized_check/s11_eps1e-01_dt2e-03_J128_q64,0.2,ct,Ef,0.00042529735102907554,3.4625954771449026e-16,8.141587218369911e-13,pass
factorized_check/s11_eps1e-01_dt2e-03_J128_q64,0.2,ct,Erho,0.0003955087232616099,3.411168399727229e-16,8.624761475794065e-13,pass
factorized_check/s11_eps1e-01_dt2e-03_J128_q64,0.2,ct,Eq_absolute,0.0008510561206083591,4.170766350252029e-16,4.900694853437687e-13,pass
factorized_check/s11_eps1e-01_dt2e-03_J128_q64,0.2,be,Ef,1.7426097967911887e-09,3.4430578836363085e-16,1.9758054212574125e-07,pass
factorized_check/s11_eps1e-01_dt2e-03_J128_q64,0.2,be,Erho,9.82488962892445e-10,3.3235864028387607e-16,3.3828231444495124e-07,pass
factorized_check/s11_eps1e-01_dt2e-03_J128_q64,0.2,be,Eq_absolute,4.358488298148434e-09,3.9778367733800254e-16,9.126643233319872e-08,pass
factorized_check/s11_eps1e-02_dt2e-03_J128_q64,0.0,ct,Ef,0.0,0.0,,initial exact state; no relative acceptance
factorized_check/s11_eps1e-02_dt2e-03_J128_q64,0.0,ct,Erho,0.0,0.0,,initial exact state; no relative acceptance
factorized_check/s11_eps1e-02_dt2e-03_J128_q64,0.0,ct,Eq_absolute,6.77524028496966e-17,2.587432640653193e-18,0.038189533239038176,initial exact state; no relative acceptance
factorized_check/s11_eps1e-02_dt2e-03_J128_q64,0.0,be,Ef,0.0,0.0,,initial exact state; no relative acceptance
factorized_check/s11_eps1e-02_dt2e-03_J128_q64,0.0,be,Erho,0.0,0.0,,initial exact state; no relative acceptance
factorized_check/s11_eps1e-02_dt2e-03_J128_q64,0.0,be,Eq_absolute,6.77524028496966e-17,2.587432640653193e-18,0.038189533239038176,initial exact state; no relative acceptance
factorized_check/s11_eps1e-02_dt2e-03_J128_q64,0.02,ct,Ef,0.0003693312703562259,7.690860240352315e-16,2.082374512435505e-12,pass
factorized_check/s11_eps1e-02_dt2e-03_J128_q64,0.02,ct,Erho,0.0003690909633039085,7.430348612739979e-16,2.0131483432234157e-12,pass
factorized_check/s11_eps1e-02_dt2e-03_J128_q64,0.02,ct,Eq_absolute,0.0007777915150246409,1.424821125626283e-15,1.831880520811729e-12,pass
factorized_check/s11_eps1e-02_dt2e-03_J128_q64,0.02,be,Ef,6.629604219031683e-10,1.623296319660202e-16,2.4485569063085036e-07,pass
factorized_check/s11_eps1e-02_dt2e-03_J128_q64,0.02,be,Erho,6.469662381242596e-10,1.2840077634352307e-16,1.9846596124674712e-07,pass
factorized_check/s11_eps1e-02_dt2e-03_J128_q64,0.02,be,Eq_absolute,7.871907077934837e-09,3.241382749669972e-15,4.1176588056478116e-07,pass
factorized_check/s11_eps1e-02_dt2e-03_J128_q64,0.1,ct,Ef,0.0006520319602704189,1.2885223858880346e-15,1.9761644587999065e-12,pass
factorized_check/s11_eps1e-02_dt2e-03_J128_q64,0.1,ct,Erho,0.0006516033043399142,1.2885954317065723e-15,1.977576576306565e-12,pass
factorized_check/s11_eps1e-02_dt2e-03_J128_q64,0.1,ct,Eq_absolute,0.001366057697093445,3.755315039204264e-15,2.7490164194341362e-12,pass
factorized_check/s11_eps1e-02_dt2e-03_J128_q64,0.1,be,Ef,2.7284597334321416e-10,5.753435287325036e-17,2.1086751682011318e-07,pass
factorized_check/s11_eps1e-02_dt2e-03_J128_q64,0.1,be,Erho,2.6793434610465974e-10,6.297868251351828e-17,2.3505266655480493e-07,pass
factorized_check/s11_eps1e-02_dt2e-03_J128_q64,0.1,be,Eq_absolute,2.7890994760420206e-09,1.104805787364954e-15,3.961155910196403e-07,pass
factorized_check/s11_eps1e-02_dt2e-03_J128_q64,0.2,ct,Ef,0.00035289362962639053,6.939655403650085e-16,1.966500616913124e-12,pass
factorized_check/s11_eps1e-02_dt2e-03_J128_q64,0.2,ct,Erho,0.0003526613213961429,6.93853435063221e-16,1.967478124100313e-12,pass
factorized_check/s11_eps1e-02_dt2e-03_J128_q64,0.2,ct,Eq_absolute,0.0007388448971828079,1.7236149031271716e-15,2.332850791416792e-12,pass
factorized_check/s11_eps1e-02_dt2e-03_J128_q64,0.2,be,Ef,1.63370919483759e-10,6.845511364187736e-17,4.190165168818959e-07,pass
factorized_check/s11_eps1e-02_dt2e-03_J128_q64,0.2,be,Erho,1.6276140470925113e-10,6.709218903947327e-17,4.1221190711227527e-07,pass
factorized_check/s11_eps1e-02_dt2e-03_J128_q64,0.2,be,Eq_absolute,7.632012546986492e-10,3.558857669740014e-16,4.6630658005734443e-07,pass
factorized_check/s11_eps1e-03_dt2e-03_J128_q64,0.0,ct,Ef,0.0,0.0,,initial exact state; no relative acceptance
factorized_check/s11_eps1e-03_dt2e-03_J128_q64,0.0,ct,Erho,0.0,0.0,,initial exact state; no relative acceptance
factorized_check/s11_eps1e-03_dt2e-03_J128_q64,0.0,ct,Eq_absolute,6.775240284969659e-16,2.5874326406531937e-17,0.03818953323903819,initial exact state; no relative acceptance
factorized_check/s11_eps1e-03_dt2e-03_J128_q64,0.0,be,Ef,0.0,0.0,,initial exact state; no relative acceptance
factorized_check/s11_eps1e-03_dt2e-03_J128_q64,0.0,be,Erho,0.0,0.0,,initial exact state; no relative acceptance
factorized_check/s11_eps1e-03_dt2e-03_J128_q64,0.0,be,Eq_absolute,6.775240284969659e-16,2.5874326406531937e-17,0.03818953323903819,initial exact state; no relative acceptance
factorized_check/s11_eps1e-03_dt2e-03_J128_q64,0.02,ct,Ef,0.0003684525964802504,5.299861793057923e-14,1.4384107599420875e-10,pass
factorized_check/s11_eps1e-03_dt2e-03_J128_q64,0.02,ct,Erho,0.0003684502004543585,5.2999105941254776e-14,1.438433358860935e-10,pass
factorized_check/s11_eps1e-03_dt2e-03_J128_q64,0.02,ct,Eq_absolute,0.0007762276914052988,1.146904482361935e-13,1.4775361598934395e-10,pass
factorized_check/s11_eps1e-03_dt2e-03_J128_q64,0.02,be,Ef,6.219841603044145e-10,1.367575728859787e-13,0.00021987307975663902,pass
factorized_check/s11_eps1e-03_dt2e-03_J128_q64,0.02,be,Erho,6.202069573941795e-10,1.3672731347088565e-13,0.00022045433679968713,pass
factorized_check/s11_eps1e-03_dt2e-03_J128_q64,0.02,be,Eq_absolute,7.784544072890027e-09,2.910801185317013e-13,3.739205736472081e-05,pass
factorized_check/s11_eps1e-03_dt2e-03_J128_q64,0.1,ct,Ef,0.0006506440895364047,3.775356773926175e-14,5.8024914613705055e-11,pass
factorized_check/s11_eps1e-03_dt2e-03_J128_q64,0.1,ct,Erho,0.000650639814595636,3.775555834294078e-14,5.802835531423075e-11,pass
factorized_check/s11_eps1e-03_dt2e-03_J128_q64,0.1,ct,Eq_absolute,0.001363680448679575,8.017605717200125e-14,5.879387451043546e-11,pass
factorized_check/s11_eps1e-03_dt2e-03_J128_q64,0.1,be,Ef,2.5442909105953125e-10,2.4361044309312667e-13,0.0009574787304338825,pass
factorized_check/s11_eps1e-03_dt2e-03_J128_q64,0.1,be,Erho,2.5388083638812084e-10,2.4360636835887113e-13,0.0009595303522100321,pass
factorized_check/s11_eps1e-03_dt2e-03_J128_q64,0.1,be,Eq_absolute,2.757868948767507e-09,5.116600080212389e-13,0.00018552731022621654,pass
factorized_check/s11_eps1e-03_dt2e-03_J128_q64,0.2,ct,Ef,0.00035226096001849386,2.026599904260841e-14,5.753120936689787e-11,pass
factorized_check/s11_eps1e-03_dt2e-03_J128_q64,0.2,ct,Erho,0.0003522586424604491,2.0260340411528526e-14,5.7515524019551396e-11,pass
factorized_check/s11_eps1e-03_dt2e-03_J128_q64,0.2,ct,Eq_absolute,0.0007378089012520671,4.272293765599968e-14,5.79051534665664e-11,pass
factorized_check/s11_eps1e-03_dt2e-03_J128_q64,0.2,be,Ef,1.5097948970110843e-10,1.3301332872742895e-13,0.0008810026381116615,pass
factorized_check/s11_eps1e-03_dt2e-03_J128_q64,0.2,be,Erho,1.5091102722756525e-10,1.330245010553358e-13,0.0008814763473496368,pass
factorized_check/s11_eps1e-03_dt2e-03_J128_q64,0.2,be,Eq_absolute,7.54146257189894e-10,2.7889853076000647e-13,0.00036982021471437186,pass
factorized_check/s23_eps1e+00_dt2e-03_J128_q64,0.0,ct,Ef,0.0,0.0,,initial exact state; no relative acceptance
factorized_check/s23_eps1e+00_dt2e-03_J128_q64,0.0,ct,Erho,0.0,0.0,,initial exact state; no relative acceptance
factorized_check/s23_eps1e+00_dt2e-03_J128_q64,0.0,ct,Eq_absolute,6.775240284969659e-19,2.5874326406531935e-20,0.03818953323903819,initial exact state; no relative acceptance
factorized_check/s23_eps1e+00_dt2e-03_J128_q64,0.0,be,Ef,0.0,0.0,,initial exact state; no relative acceptance
factorized_check/s23_eps1e+00_dt2e-03_J128_q64,0.0,be,Erho,0.0,0.0,,initial exact state; no relative acceptance
factorized_check/s23_eps1e+00_dt2e-03_J128_q64,0.0,be,Eq_absolute,6.775240284969659e-19,2.5874326406531935e-20,0.03818953323903819,initial exact state; no relative acceptance
factorized_check/s23_eps1e+00_dt2e-03_J128_q64,0.02,ct,Ef,4.99537505078125e-05,2.939689935193679e-17,5.884823272146358e-13,pass
factorized_check/s23_eps1e+00_dt2e-03_J128_q64,0.02,ct,Erho,3.5874118659292863e-05,8.415075344575074e-18,2.3457232286305175e-13,pass
factorized_check/s23_eps1e+00_dt2e-03_J128_q64,0.02,ct,Eq_absolute,8.704385693685853e-06,7.661041722874228e-17,8.801358295085126e-12,pass
factorized_check/s23_eps1e+00_dt2e-03_J128_q64,0.02,be,Ef,7.97727729224753e-10,8.338655236260842e-17,1.045300912927335e-07,pass
factorized_check/s23_eps1e+00_dt2e-03_J128_q64,0.02,be,Erho,7.561001049076408e-10,1.0710695971964366e-16,1.4165711527407737e-07,pass
factorized_check/s23_eps1e+00_dt2e-03_J128_q64,0.02,be,Eq_absolute,1.2859016269808044e-10,7.558260739132751e-17,5.877790789392615e-07,pass
factorized_check/s23_eps1e+00_dt2e-03_J128_q64,0.1,ct,Ef,0.00023884389610560712,3.576997620029884e-17,1.4976299073802917e-13,pass
factorized_check/s23_eps1e+00_dt2e-03_J128_q64,0.1,ct,Erho,0.00014640297651882035,1.4664685962650165e-16,1.001665834353101e-12,pass
factorized_check/s23_eps1e+00_dt2e-03_J128_q64,0.1,ct,Eq_absolute,8.636412059944203e-05,3.4552956060537116e-16,4.0008461639752226e-12,pass
factorized_check/s23_eps1e+00_dt2e-03_J128_q64,0.1,be,Ef,2.332738276356539e-09,7.106965923146878e-17,3.046619500858501e-08,pass
factorized_check/s23_eps1e+00_dt2e-03_J128_q64,0.1,be,Erho,1.4467011470967565e-09,3.5480996434637e-16,2.452544985247323e-07,pass
factorized_check/s23_eps1e+00_dt2e-03_J128_q64,0.1,be,Eq_absolute,7.552414652648833e-10,3.092062989180239e-16,4.094138274168739e-07,pass
factorized_check/s23_eps1e+00_dt2e-03_J128_q64,0.2,ct,Ef,0.00044301603993418575,6.250494101174892e-17,1.410895664658883e-13,pass
factorized_check/s23_eps1e+00_dt2e-03_J128_q64,0.2,ct,Erho,0.00016525199014027703,3.7671201265275946e-16,2.2796216392491304e-12,pass
factorized_check/s23_eps1e+00_dt2e-03_J128_q64,0.2,ct,Eq_absolute,0.00022723954520975076,4.870577595797176e-16,2.1433670760524746e-12,pass
factorized_check/s23_eps1e+00_dt2e-03_J128_q64,0.2,be,Ef,5.193183132626906e-09,7.189271399695786e-17,1.384367008844378e-08,pass
factorized_check/s23_eps1e+00_dt2e-03_J128_q64,0.2,be,Erho,6.748432381969609e-10,8.20535868196442e-16,1.2158910718120865e-06,pass
factorized_check/s23_eps1e+00_dt2e-03_J128_q64,0.2,be,Eq_absolute,1.3645890286117032e-09,3.5690894962510313e-16,2.6155050505441397e-07,pass
factorized_check/s23_eps1e-01_dt2e-03_J128_q64,0.0,ct,Ef,0.0,0.0,,initial exact state; no relative acceptance
factorized_check/s23_eps1e-01_dt2e-03_J128_q64,0.0,ct,Erho,0.0,0.0,,initial exact state; no relative acceptance
factorized_check/s23_eps1e-01_dt2e-03_J128_q64,0.0,ct,Eq_absolute,6.775240284969659e-18,2.587432640653194e-19,0.03818953323903819,initial exact state; no relative acceptance
factorized_check/s23_eps1e-01_dt2e-03_J128_q64,0.0,be,Ef,0.0,0.0,,initial exact state; no relative acceptance
factorized_check/s23_eps1e-01_dt2e-03_J128_q64,0.0,be,Erho,0.0,0.0,,initial exact state; no relative acceptance
factorized_check/s23_eps1e-01_dt2e-03_J128_q64,0.0,be,Eq_absolute,6.775240284969659e-18,2.587432640653194e-19,0.03818953323903819,initial exact state; no relative acceptance
factorized_check/s23_eps1e-01_dt2e-03_J128_q64,0.02,ct,Ef,0.0016445562384505845,1.3744411206517183e-16,8.357519727915448e-14,pass
factorized_check/s23_eps1e-01_dt2e-03_J128_q64,0.02,ct,Erho,0.00012639287541034295,2.231519270377883e-16,1.7655419762649642e-12,pass
factorized_check/s23_eps1e-01_dt2e-03_J128_q64,0.02,ct,Eq_absolute,0.009005330733058125,2.6284622328830445e-15,2.91878478514297e-13,pass
factorized_check/s23_eps1e-01_dt2e-03_J128_q64,0.02,be,Ef,4.334997550871063e-09,1.0582339484436055e-16,2.441140821938796e-08,pass
factorized_check/s23_eps1e-01_dt2e-03_J128_q64,0.02,be,Erho,2.581268184798778e-09,2.0842279247946453e-16,8.074433865759364e-08,pass
factorized_check/s23_eps1e-01_dt2e-03_J128_q64,0.02,be,Eq_absolute,1.290745660871969e-08,2.4727654804392214e-15,1.915765092534755e-07,pass
factorized_check/s23_eps1e-01_dt2e-03_J128_q64,0.1,ct,Ef,0.0008139434443625294,5.84960741417707e-16,7.186749220344678e-13,pass
factorized_check/s23_eps1e-01_dt2e-03_J128_q64,0.1,ct,Erho,0.0007570209051056758,6.101683868937946e-16,8.060125985670351e-13,pass
factorized_check/s23_eps1e-01_dt2e-03_J128_q64,0.1,ct,Eq_absolute,0.0016331655623962793,1.3811463773005685e-16,8.456866891523643e-14,pass
factorized_check/s23_eps1e-01_dt2e-03_J128_q64,0.1,be,Ef,3.2760152199596462e-09,5.492589736732754e-16,1.6766069044088297e-07,pass
factorized_check/s23_eps1e-01_dt2e-03_J128_q64,0.1,be,Erho,1.2499859818404976e-09,5.791535160200978e-16,4.6332800882082197e-07,pass
factorized_check/s23_eps1e-01_dt2e-03_J128_q64,0.1,be,Eq_absolute,7.837609326328103e-09,4.3541360269749855e-17,5.555438968294284e-09,pass
factorized_check/s23_eps1e-01_dt2e-03_J128_q64,0.2,ct,Ef,0.00042529765509478706,3.4625954771449026e-16,8.141581397558343e-13,pass
factorized_check/s23_eps1e-01_dt2e-03_J128_q64,0.2,ct,Erho,0.0003955090096432592,3.411168399727229e-16,8.624755230744379e-13,pass
factorized_check/s23_eps1e-01_dt2e-03_J128_q64,0.2,ct,Eq_absolute,0.0008510566871168366,4.170766350252029e-16,4.900691591275222e-13,pass
factorized_check/s23_eps1e-01_dt2e-03_J128_q64,0.2,be,Ef,1.1323857049646712e-09,3.4430578836363085e-16,3.040534570986771e-07,pass
factorized_check/s23_eps1e-01_dt2e-03_J128_q64,0.2,be,Erho,4.969406478403247e-10,3.3235864028387607e-16,6.688095283174911e-07,pass
factorized_check/s23_eps1e-01_dt2e-03_J128_q64,0.2,be,Eq_absolute,2.8009771354335962e-09,3.9778367733800254e-16,1.4201603872657994e-07,pass
factorized_check/s23_eps1e-02_dt2e-03_J128_q64,0.0,ct,Ef,0.0,0.0,,initial exact state; no relative acceptance
factorized_check/s23_eps1e-02_dt2e-03_J128_q64,0.0,ct,Erho,0.0,0.0,,initial exact state; no relative acceptance
factorized_check/s23_eps1e-02_dt2e-03_J128_q64,0.0,ct,Eq_absolute,6.77524028496966e-17,2.587432640653193e-18,0.038189533239038176,initial exact state; no relative acceptance
factorized_check/s23_eps1e-02_dt2e-03_J128_q64,0.0,be,Ef,0.0,0.0,,initial exact state; no relative acceptance
factorized_check/s23_eps1e-02_dt2e-03_J128_q64,0.0,be,Erho,0.0,0.0,,initial exact state; no relative acceptance
factorized_check/s23_eps1e-02_dt2e-03_J128_q64,0.0,be,Eq_absolute,6.77524028496966e-17,2.587432640653193e-18,0.038189533239038176,initial exact state; no relative acceptance
factorized_check/s23_eps1e-02_dt2e-03_J128_q64,0.02,ct,Ef,0.000369331242567997,7.690860240352315e-16,2.0823746691119317e-12,pass
factorized_check/s23_eps1e-02_dt2e-03_J128_q64,0.02,ct,Erho,0.00036909093553355403,7.430348612739979e-16,2.0131484946924377e-12,pass
factorized_check/s23_eps1e-02_dt2e-03_J128_q64,0.02,ct,Eq_absolute,0.00077779145679611,1.424821125626283e-15,1.8318806579535177e-12,pass
factorized_check/s23_eps1e-02_dt2e-03_J128_q64,0.02,be,Ef,8.498490516160694e-10,1.623296319660202e-16,1.9100995836535307e-07,pass
factorized_check/s23_eps1e-02_dt2e-03_J128_q64,0.02,be,Erho,8.268593514943231e-10,1.2840077634352307e-16,1.5528732439377221e-07,pass
factorized_check/s23_eps1e-02_dt2e-03_J128_q64,0.02,be,Eq_absolute,1.0646702030710399e-08,3.241382749669972e-15,3.0444946616522254e-07,pass
factorized_check/s23_eps1e-02_dt2e-03_J128_q64,0.1,ct,Ef,0.0006520319119192135,1.2885223858880346e-15,1.976164605341712e-12,pass
factorized_check/s23_eps1e-02_dt2e-03_J128_q64,0.1,ct,Erho,0.0006516032560204293,1.2885954317065723e-15,1.977576722953287e-12,pass
factorized_check/s23_eps1e-02_dt2e-03_J128_q64,0.1,ct,Eq_absolute,0.001366057595889086,3.755315039204264e-15,2.7490166230949812e-12,pass
factorized_check/s23_eps1e-02_dt2e-03_J128_q64,0.1,be,Ef,3.804663259906805e-10,5.753435287325036e-17,1.5122061781273032e-07,pass
factorized_check/s23_eps1e-02_dt2e-03_J128_q64,0.1,be,Erho,3.739788299574296e-10,6.297868251351828e-17,1.6840173151161312e-07,pass
factorized_check/s23_eps1e-02_dt2e-03_J128_q64,0.1,be,Eq_absolute,3.776733511767597e-09,1.104805787364954e-15,2.925294527460265e-07,pass
factorized_check/s23_eps1e-02_dt2e-03_J128_q64,0.2,ct,Ef,0.00035289360325660955,6.939655403650085e-16,1.9665007638588043e-12,pass
factorized_check/s23_eps1e-02_dt2e-03_J128_q64,0.2,ct,Erho,0.0003526612950437083,6.93853435063221e-16,1.9674782711191083e-12,pass
factorized_check/s23_eps1e-02_dt2e-03_J128_q64,0.2,ct,Eq_absolute,0.000738844841998398,1.7236149031271716e-15,2.3328509656576972e-12,pass
factorized_check/s23_eps1e-02_dt2e-03_J128_q64,0.2,be,Ef,2.657539316966312e-10,6.845511364187736e-17,2.575883382226744e-07,pass
factorized_check/s23_eps1e-02_dt2e-03_J128_q64,0.2,be,Erho,2.6506097106121166e-10,6.709218903947327e-17,2.531198341681899e-07,pass
factorized_check/s23_eps1e-02_dt2e-03_J128_q64,0.2,be,Eq_absolute,1.0371527642883332e-09,3.558857669740014e-16,3.431372689038734e-07,pass
factorized_check/s23_eps1e-03_dt2e-03_J128_q64,0.0,ct,Ef,0.0,0.0,,initial exact state; no relative acceptance
factorized_check/s23_eps1e-03_dt2e-03_J128_q64,0.0,ct,Erho,0.0,0.0,,initial exact state; no relative acceptance
factorized_check/s23_eps1e-03_dt2e-03_J128_q64,0.0,ct,Eq_absolute,6.775240284969659e-16,2.5874326406531937e-17,0.03818953323903819,initial exact state; no relative acceptance
factorized_check/s23_eps1e-03_dt2e-03_J128_q64,0.0,be,Ef,0.0,0.0,,initial exact state; no relative acceptance
factorized_check/s23_eps1e-03_dt2e-03_J128_q64,0.0,be,Erho,0.0,0.0,,initial exact state; no relative acceptance
factorized_check/s23_eps1e-03_dt2e-03_J128_q64,0.0,be,Eq_absolute,6.775240284969659e-16,2.5874326406531937e-17,0.03818953323903819,initial exact state; no relative acceptance
factorized_check/s23_eps1e-03_dt2e-03_J128_q64,0.02,ct,Ef,0.00036845254632403345,5.299861793057923e-14,1.4384109557481495e-10,pass
factorized_check/s23_eps1e-03_dt2e-03_J128_q64,0.02,ct,Erho,0.0003684501502984699,5.2999105941254776e-14,1.438433554670065e-10,pass
factorized_check/s23_eps1e-03_dt2e-03_J128_q64,0.02,ct,Eq_absolute,0.0007762275858557597,1.146904482361935e-13,1.4775363608052126e-10,pass
factorized_check/s23_eps1e-03_dt2e-03_J128_q64,0.02,be,Ef,7.565777930468519e-10,1.367575728859787e-13,0.00018075811125150198,pass
factorized_check/s23_eps1e-03_dt2e-03_J128_q64,0.02,be,Erho,7.540429086106663e-10,1.3672731347088565e-13,0.00018132564063603156,pass
factorized_check/s23_eps1e-03_dt2e-03_J128_q64,0.02,be,Eq_absolute,1.0189242150657014e-08,2.910801185317013e-13,2.8567396301689825e-05,pass
factorized_check/s23_eps1e-03_dt2e-03_J128_q64,0.1,ct,Ef,0.0006506440016331113,3.775356773926175e-14,5.802492245298595e-11,pass
factorized_check/s23_eps1e-03_dt2e-03_J128_q64,0.1,ct,Erho,0.0006506397266929272,3.775555834294078e-14,5.8028363153975856e-11,pass
factorized_check/s23_eps1e-03_dt2e-03_J128_q64,0.1,ct,Eq_absolute,0.001363680264477421,8.017605717200125e-14,5.879388245214922e-11,pass
factorized_check/s23_eps1e-03_dt2e-03_J128_q64,0.1,be,Ef,3.898744067559242e-10,2.4361044309312667e-13,0.0006248433825655958,pass
factorized_check/s23_eps1e-03_dt2e-03_J128_q64,0.1,be,Erho,3.8925667872790407e-10,2.4360636835887113e-13,0.0006258245051953378,pass
factorized_check/s23_eps1e-03_dt2e-03_J128_q64,0.1,be,Eq_absolute,3.62308437047985e-09,5.116600080212389e-13,0.00014122221723295763,pass
factorized_check/s23_eps1e-03_dt2e-03_J128_q64,0.2,ct,Ef,0.00035226091208408574,2.026599904260841e-14,5.7531217195539576e-11,pass
factorized_check/s23_eps1e-03_dt2e-03_J128_q64,0.2,ct,Erho,0.00035225859452636373,2.0260340411528526e-14,5.751553184605749e-11,pass
factorized_check/s23_eps1e-03_dt2e-03_J128_q64,0.2,ct,Eq_absolute,0.0007378088008624159,4.272293765599968e-14,5.7905161345407297e-11,pass
factorized_check/s23_eps1e-03_dt2e-03_J128_q64,0.2,be,Ef,3.180451147448527e-10,1.3301332872742895e-13,0.00041822157474148615,pass
factorized_check/s23_eps1e-03_dt2e-03_J128_q64,0.2,be,Erho,3.1799008131324383e-10,1.330245010553358e-13,0.0004183290890897216,pass
factorized_check/s23_eps1e-03_dt2e-03_J128_q64,0.2,be,Eq_absolute,1.000209908931118e-09,2.7889853076000647e-13,0.0002788399997537052,pass
factorized_check/s37_eps1e+00_dt2e-03_J128_q64,0.0,ct,Ef,0.0,0.0,,initial exact state; no relative acceptance
factorized_check/s37_eps1e+00_dt2e-03_J128_q64,0.0,ct,Erho,0.0,0.0,,initial exact state; no relative acceptance
factorized_check/s37_eps1e+00_dt2e-03_J128_q64,0.0,ct,Eq_absolute,6.775240284969659e-19,2.5874326406531935e-20,0.03818953323903819,initial exact state; no relative acceptance
factorized_check/s37_eps1e+00_dt2e-03_J128_q64,0.0,be,Ef,0.0,0.0,,initial exact state; no relative acceptance
factorized_check/s37_eps1e+00_dt2e-03_J128_q64,0.0,be,Erho,0.0,0.0,,initial exact state; no relative acceptance
factorized_check/s37_eps1e+00_dt2e-03_J128_q64,0.0,be,Eq_absolute,6.775240284969659e-19,2.5874326406531935e-20,0.03818953323903819,initial exact state; no relative acceptance
factorized_check/s37_eps1e+00_dt2e-03_J128_q64,0.02,ct,Ef,4.9953733783493434e-05,2.939689935193679e-17,5.884825242362687e-13,pass
factorized_check/s37_eps1e+00_dt2e-03_J128_q64,0.02,ct,Erho,3.587409784179218e-05,8.415075344575074e-18,2.3457245898381257e-13,pass
factorized_check/s37_eps1e+00_dt2e-03_J128_q64,0.02,ct,Eq_absolute,8.704384209781225e-06,7.661041722874228e-17,8.801359795521686e-12,pass
factorized_check/s37_eps1e+00_dt2e-03_J128_q64,0.02,be,Ef,4.017228121792555e-09,8.338655236260842e-17,2.075723604299572e-08,pass
factorized_check/s37_eps1e+00_dt2e-03_J128_q64,0.02,be,Erho,3.6656758601482257e-09,1.0710695971964366e-16,2.9218884540247558e-08,pass
factorized_check/s37_eps1e+00_dt2e-03_J128_q64,0.02,be,Eq_absolute,7.20885306489788e-10,7.558260739132751e-17,1.0484692462295069e-07,pass
factorized_check/s37_eps1e+00_dt2e-03_J128_q64,0.1,ct,Ef,0.0002388438902749128,3.576997620029884e-17,1.4976299439406668e-13,pass
factorized_check/s37_eps1e+00_dt2e-03_J128_q64,0.1,ct,Erho,0.00014640296662687242,1.4664685962650165e-16,1.001665902032237e-12,pass
factorized_check/s37_eps1e+00_dt2e-03_J128_q64,0.1,ct,Eq_absolute,8.636411896820499e-05,3.4552956060537116e-16,4.000846239542815e-12,pass
factorized_check/s37_eps1e+00_dt2e-03_J128_q64,0.1,be,Ef,4.733350855170505e-09,7.106965923146878e-17,1.5014661157821293e-08,pass
factorized_check/s37_eps1e+00_dt2e-03_J128_q64,0.1,be,Erho,1.4671708619231924e-09,3.5480996434637e-16,2.4183275005971636e-07,pass
factorized_check/s37_eps1e+00_dt2e-03_J128_q64,0.1,be,Eq_absolute,1.3333447683912954e-09,3.092062989180239e-16,2.3190273532260293e-07,pass
factorized_check/s37_eps1e+00_dt2e-03_J128_q64,0.2,ct,Ef,0.00044301606618497413,6.250494101174892e-17,1.41089558105667e-13,pass
factorized_check/s37_eps1e+00_dt2e-03_J128_q64,0.2,ct,Erho,0.0001652520151355035,3.7671201265275946e-16,2.279621294444505e-12,pass
factorized_check/s37_eps1e+00_dt2e-03_J128_q64,0.2,ct,Eq_absolute,0.00022723955459511496,4.870577595797176e-16,2.143366987527919e-12,pass
factorized_check/s37_eps1e+00_dt2e-03_J128_q64,0.2,be,Ef,7.2583226801688195e-09,7.189271399695786e-17,9.904866064081588e-09,pass
factorized_check/s37_eps1e+00_dt2e-03_J128_q64,0.2,be,Erho,3.579454671769122e-09,8.20535868196442e-16,2.2923488168964506e-07,pass
factorized_check/s37_eps1e+00_dt2e-03_J128_q64,0.2,be,Eq_absolute,1.5353088458388036e-09,3.5690894962510313e-16,2.324672007149863e-07,pass
factorized_check/s37_eps1e-01_dt2e-03_J128_q64,0.0,ct,Ef,0.0,0.0,,initial exact state; no relative acceptance
factorized_check/s37_eps1e-01_dt2e-03_J128_q64,0.0,ct,Erho,0.0,0.0,,initial exact state; no relative acceptance
factorized_check/s37_eps1e-01_dt2e-03_J128_q64,0.0,ct,Eq_absolute,6.775240284969659e-18,2.587432640653194e-19,0.03818953323903819,initial exact state; no relative acceptance
factorized_check/s37_eps1e-01_dt2e-03_J128_q64,0.0,be,Ef,0.0,0.0,,initial exact state; no relative acceptance
factorized_check/s37_eps1e-01_dt2e-03_J128_q64,0.0,be,Erho,0.0,0.0,,initial exact state; no relative acceptance
factorized_check/s37_eps1e-01_dt2e-03_J128_q64,0.0,be,Eq_absolute,6.775240284969659e-18,2.587432640653194e-19,0.03818953323903819,initial exact state; no relative acceptance
factorized_check/s37_eps1e-01_dt2e-03_J128_q64,0.02,ct,Ef,0.0016445562124421346,1.3744411206517183e-16,8.357519860088574e-14,pass
factorized_check/s37_eps1e-01_dt2e-03_J128_q64,0.02,ct,Erho,0.00012639275778605186,2.231519270377883e-16,1.7655436193228971e-12,pass
factorized_check/s37_eps1e-01_dt2e-03_J128_q64,0.02,ct,Eq_absolute,0.009005330636149157,2.6284622328830445e-15,2.918784816552858e-13,pass
factorized_check/s37_eps1e-01_dt2e-03_J128_q64,0.02,be,Ef,1.0898020033294098e-08,1.0582339484436055e-16,9.710332199891704e-09,pass
factorized_check/s37_eps1e-01_dt2e-03_J128_q64,0.02,be,Erho,7.06321718962708e-09,2.0842279247946453e-16,2.9508195328546697e-08,pass
factorized_check/s37_eps1e-01_dt2e-03_J128_q64,0.02,be,Eq_absolute,3.4328544552623945e-08,2.4727654804392214e-15,7.203234254946624e-08,pass
factorized_check/s37_eps1e-01_dt2e-03_J128_q64,0.1,ct,Ef,0.0008139447598470392,5.84960741417707e-16,7.18673760523547e-13,pass
factorized_check/s37_eps1e-01_dt2e-03_J128_q64,0.1,ct,Erho,0.0007570221584028035,6.101683868937946e-16,8.060112641631957e-13,pass
factorized_check/s37_eps1e-01_dt2e-03_J128_q64,0.1,ct,Eq_absolute,0.0016331678222803534,1.3811463773005685e-16,8.456855189395702e-14,pass
factorized_check/s37_eps1e-01_dt2e-03_J128_q64,0.1,be,Ef,6.2309093523609486e-09,5.492589736732754e-16,8.815069239695424e-08,pass
factorized_check/s37_eps1e-01_dt2e-03_J128_q64,0.1,be,Erho,3.65118627384883e-09,5.791535160200978e-16,1.5862064342436137e-07,pass
factorized_check/s37_eps1e-01_dt2e-03_J128_q64,0.1,be,Eq_absolute,1.6565312858169098e-08,4.3541360269749855e-17,2.6284659180630964e-09,pass
factorized_check/s37_eps1e-01_dt2e-03_J128_q64,0.2,ct,Ef,0.00042529849723977974,3.4625954771449026e-16,8.141565276194052e-13,pass
factorized_check/s37_eps1e-01_dt2e-03_J128_q64,0.2,ct,Erho,0.0003955097989738423,3.411168399727229e-16,8.624738018065722e-13,pass
factorized_check/s37_eps1e-01_dt2e-03_J128_q64,0.2,ct,Eq_absolute,0.0008510582961520713,4.170766350252029e-16,4.900682325887081e-13,pass
factorized_check/s37_eps1e-01_dt2e-03_J128_q64,0.2,be,Ef,2.4989248380021722e-09,3.4430578836363085e-16,1.3778157034882838e-07,pass
factorized_check/s37_eps1e-01_dt2e-03_J128_q64,0.2,be,Erho,2.2444387864685393e-09,3.3235864028387607e-16,1.48080955599069e-07,pass
factorized_check/s37_eps1e-01_dt2e-03_J128_q64,0.2,be,Eq_absolute,3.865112245584517e-09,3.9778367733800254e-16,1.0291646194555628e-07,pass
factorized_check/s37_eps1e-02_dt2e-03_J128_q64,0.0,ct,Ef,0.0,0.0,,initial exact state; no relative acceptance
factorized_check/s37_eps1e-02_dt2e-03_J128_q64,0.0,ct,Erho,0.0,0.0,,initial exact state; no relative acceptance
factorized_check/s37_eps1e-02_dt2e-03_J128_q64,0.0,ct,Eq_absolute,6.77524028496966e-17,2.587432640653193e-18,0.038189533239038176,initial exact state; no relative acceptance
factorized_check/s37_eps1e-02_dt2e-03_J128_q64,0.0,be,Ef,0.0,0.0,,initial exact state; no relative acceptance
factorized_check/s37_eps1e-02_dt2e-03_J128_q64,0.0,be,Erho,0.0,0.0,,initial exact state; no relative acceptance
factorized_check/s37_eps1e-02_dt2e-03_J128_q64,0.0,be,Eq_absolute,6.77524028496966e-17,2.587432640653193e-18,0.038189533239038176,initial exact state; no relative acceptance
factorized_check/s37_eps1e-02_dt2e-03_J128_q64,0.02,ct,Ef,0.00036933104219102317,7.690860240352315e-16,2.0823757988841066e-12,pass
factorized_check/s37_eps1e-02_dt2e-03_J128_q64,0.02,ct,Erho,0.00036909073528395116,7.430348612739979e-16,2.0131495869230144e-12,pass
factorized_check/s37_eps1e-02_dt2e-03_J128_q64,0.02,ct,Eq_absolute,0.0007777910377985015,1.424821125626283e-15,1.831881644791341e-12,pass
factorized_check/s37_eps1e-02_dt2e-03_J128_q64,0.02,be,Ef,4.3697217767192674e-09,1.623296319660202e-16,3.714873400656077e-08,pass
factorized_check/s37_eps1e-02_dt2e-03_J128_q64,0.02,be,Erho,4.262298223690587e-09,1.2840077634352307e-16,3.012477532187904e-08,pass
factorized_check/s37_eps1e-02_dt2e-03_J128_q64,0.02,be,Eq_absolute,4.7396149972477515e-08,3.241382749669972e-15,6.838915716893063e-08,pass
factorized_check/s37_eps1e-02_dt2e-03_J128_q64,0.1,ct,Ef,0.000652031560854739,1.2885223858880346e-15,1.9761656693411108e-12,pass
factorized_check/s37_eps1e-02_dt2e-03_J128_q64,0.1,ct,Erho,0.0006516029051860046,1.2885954317065723e-15,1.9775777877152553e-12,pass
factorized_check/s37_eps1e-02_dt2e-03_J128_q64,0.1,ct,Eq_absolute,0.0013660568610632186,3.755315039204264e-15,2.7490181018390823e-12,pass
factorized_check/s37_eps1e-02_dt2e-03_J128_q64,0.1,be,Ef,1.7754927374160057e-09,5.753435287325036e-17,3.240472442426545e-08,pass
factorized_check/s37_eps1e-02_dt2e-03_J128_q64,0.1,be,Erho,1.7420467834255683e-09,6.297868251351828e-17,3.615211894004174e-08,pass
factorized_check/s37_eps1e-02_dt2e-03_J128_q64,0.1,be,Eq_absolute,1.6806961200209856e-08,1.104805787364954e-15,6.573501147555212e-08,pass
factorized_check/s37_eps1e-02_dt2e-03_J128_q64,0.2,ct,Ef,0.00035289341204855994,6.939655403650085e-16,1.9665018293668666e-12,pass
factorized_check/s37_eps1e-02_dt2e-03_J128_q64,0.2,ct,Erho,0.00035266110396133264,6.93853435063221e-16,1.967479337157914e-12,pass
factorized_check/s37_eps1e-02_dt2e-03_J128_q64,0.2,ct,Eq_absolute,0.0007388444418417316,1.7236149031271716e-15,2.332852229125097e-12,pass
factorized_check/s37_eps1e-02_dt2e-03_J128_q64,0.2,be,Ef,1.0295722027439947e-09,6.845511364187736e-17,6.64888906862794e-08,pass
factorized_check/s37_eps1e-02_dt2e-03_J128_q64,0.2,be,Erho,1.0252809763153664e-09,6.709218903947327e-17,6.543785614806567e-08,pass
factorized_check/s37_eps1e-02_dt2e-03_J128_q64,0.2,be,Eq_absolute,4.605347041084666e-09,3.558857669740014e-16,7.727664469129389e-08,pass
factorized_check/s37_eps1e-03_dt2e-03_J128_q64,0.0,ct,Ef,0.0,0.0,,initial exact state; no relative acceptance
factorized_check/s37_eps1e-03_dt2e-03_J128_q64,0.0,ct,Erho,0.0,0.0,,initial exact state; no relative acceptance
factorized_check/s37_eps1e-03_dt2e-03_J128_q64,0.0,ct,Eq_absolute,6.775240284969659e-16,2.5874326406531937e-17,0.03818953323903819,initial exact state; no relative acceptance
factorized_check/s37_eps1e-03_dt2e-03_J128_q64,0.0,be,Ef,0.0,0.0,,initial exact state; no relative acceptance
factorized_check/s37_eps1e-03_dt2e-03_J128_q64,0.0,be,Erho,0.0,0.0,,initial exact state; no relative acceptance
factorized_check/s37_eps1e-03_dt2e-03_J128_q64,0.0,be,Eq_absolute,6.775240284969659e-16,2.5874326406531937e-17,0.03818953323903819,initial exact state; no relative acceptance
factorized_check/s37_eps1e-03_dt2e-03_J128_q64,0.02,ct,Ef,0.0003684524192349689,5.299861793057923e-14,1.4384114518944447e-10,pass
factorized_check/s37_eps1e-03_dt2e-03_J128_q64,0.02,ct,Erho,0.0003684500232098627,5.2999105941254776e-14,1.4384340508255962e-10,pass
factorized_check/s37_eps1e-03_dt2e-03_J128_q64,0.02,ct,Eq_absolute,0.0007762273202678522,1.146904482361935e-13,1.4775368663475713e-10,pass
factorized_check/s37_eps1e-03_dt2e-03_J128_q64,0.02,be,Ef,3.977041991157152e-09,1.367575728859787e-13,3.438675608405834e-05,pass
factorized_check/s37_eps1e-03_dt2e-03_J128_q64,0.02,be,Erho,3.942559506395076e-09,1.3672731347088565e-13,3.467983507899005e-05,pass
factorized_check/s37_eps1e-03_dt2e-03_J128_q64,0.02,be,Eq_absolute,4.6910858436361626e-08,2.910801185317013e-13,6.204962523262605e-06,pass
factorized_check/s37_eps1e-03_dt2e-03_J128_q64,0.1,ct,Ef,0.0006506437790857029,3.775356773926175e-14,5.802494229993836e-11,pass
factorized_check/s37_eps1e-03_dt2e-03_J128_q64,0.1,ct,Erho,0.0006506395041469517,3.775555834294078e-14,5.802838300210774e-11,pass
factorized_check/s37_eps1e-03_dt2e-03_J128_q64,0.1,ct,Eq_absolute,0.0013636797984402126,8.017605717200125e-14,5.87939025449429e-11,pass
factorized_check/s37_eps1e-03_dt2e-03_J128_q64,0.1,be,Ef,1.5725040219356792e-09,2.4361044309312667e-13,0.00015491880446401248,pass
factorized_check/s37_eps1e-03_dt2e-03_J128_q64,0.1,be,Erho,1.5614934365435178e-09,2.4360636835887113e-13,0.0001560085765702045,pass
factorized_check/s37_eps1e-03_dt2e-03_J128_q64,0.1,be,Eq_absolute,1.6623610856535004e-08,5.116600080212389e-13,3.077911366170469e-05,pass
factorized_check/s37_eps1e-03_dt2e-03_J128_q64,0.2,ct,Ef,0.00035226079079072724,2.026599904260841e-14,5.753123700516567e-11,pass
factorized_check/s37_eps1e-03_dt2e-03_J128_q64,0.2,ct,Erho,0.0003522584732338057,2.0260340411528526e-14,5.751555165028227e-11,pass
factorized_check/s37_eps1e-03_dt2e-03_J128_q64,0.2,ct,Eq_absolute,0.0007378085469098049,4.272293765599968e-14,5.790518127627822e-11,pass
factorized_check/s37_eps1e-03_dt2e-03_J128_q64,0.2,be,Ef,8.459399806478342e-10,1.3301332872742895e-13,0.00015723731206741787,pass
factorized_check/s37_eps1e-03_dt2e-03_J128_q64,0.2,be,Erho,8.444211448565481e-10,1.330245010553358e-13,0.00015753336100783486,pass
factorized_check/s37_eps1e-03_dt2e-03_J128_q64,0.2,be,Eq_absolute,4.547829218075208e-09,2.7889853076000647e-13,6.132563853794966e-05,pass
feature_check/s11_eps1e+00_dt2e-03_J256_q64,0.0,ct,Ef,0.0,0.0,,initial exact state; no relative acceptance
feature_check/s11_eps1e+00_dt2e-03_J256_q64,0.0,ct,Erho,0.0,0.0,,initial exact state; no relative acceptance
feature_check/s11_eps1e+00_dt2e-03_J256_q64,0.0,ct,Eq_absolute,6.775240284969659e-19,2.5874326406531935e-20,0.03818953323903819,initial exact state; no relative acceptance
feature_check/s11_eps1e+00_dt2e-03_J256_q64,0.0,be,Ef,0.0,0.0,,initial exact state; no relative acceptance
feature_check/s11_eps1e+00_dt2e-03_J256_q64,0.0,be,Erho,0.0,0.0,,initial exact state; no relative acceptance
feature_check/s11_eps1e+00_dt2e-03_J256_q64,0.0,be,Eq_absolute,6.775240284969659e-19,2.5874326406531935e-20,0.03818953323903819,initial exact state; no relative acceptance
feature_check/s11_eps1e+00_dt2e-03_J256_q64,0.02,ct,Ef,4.995375017349552e-05,2.939689935193679e-17,5.884823311530715e-13,pass
feature_check/s11_eps1e+00_dt2e-03_J256_q64,0.02,ct,Erho,3.587411784846419e-05,8.415075344575074e-18,2.3457232816486755e-13,pass
feature_check/s11_eps1e+00_dt2e-03_J256_q64,0.02,ct,Eq_absolute,8.704385742138616e-06,7.661041722874228e-17,8.801358246092567e-12,pass
feature_check/s11_eps1e+00_dt2e-03_J256_q64,0.02,be,Ef,3.526292737265946e-10,8.338655236260842e-17,2.3647087345125192e-07,pass
feature_check/s11_eps1e+00_dt2e-03_J256_q64,0.02,be,Erho,3.244843713845815e-10,1.0710695971964366e-16,3.300835700117576e-07,pass
feature_check/s11_eps1e+00_dt2e-03_J256_q64,0.02,be,Eq_absolute,7.204439231275193e-11,7.558260739132751e-17,1.0491115958507337e-06,pass
feature_check/s11_eps1e+00_dt2e-03_J256_q64,0.1,ct,Ef,0.00023884389289597664,3.576997620029884e-17,1.4976299275057323e-13,pass
feature_check/s11_eps1e+00_dt2e-03_J256_q64,0.1,ct,Erho,0.0001464029667440879,1.4664685962650165e-16,1.0016659012302673e-12,pass
feature_check/s11_eps1e+00_dt2e-03_J256_q64,0.1,ct,Eq_absolute,8.636412069427368e-05,3.4552956060537116e-16,4.000846159582116e-12,pass
feature_check/s11_eps1e+00_dt2e-03_J256_q64,0.1,be,Ef,5.399704986830776e-10,7.106965923146878e-17,1.316176706038553e-07,pass
feature_check/s11_eps1e+00_dt2e-03_J256_q64,0.1,be,Erho,1.839855871276692e-10,3.5480996434637e-16,1.9284660819663243e-06,pass
feature_check/s11_eps1e+00_dt2e-03_J256_q64,0.1,be,Eq_absolute,1.6191929946835704e-10,3.092062989180239e-16,1.9096321435015245e-06,pass
feature_check/s11_eps1e+00_dt2e-03_J256_q64,0.2,ct,Ef,0.0004430160313631038,6.250494101174892e-17,1.410895691955643e-13,pass
feature_check/s11_eps1e+00_dt2e-03_J256_q64,0.2,ct,Erho,0.00016525195501125033,3.7671201265275946e-16,2.279622123847872e-12,pass
feature_check/s11_eps1e+00_dt2e-03_J256_q64,0.2,ct,Eq_absolute,0.00022723954581666824,4.870577595797176e-16,2.143367070327912e-12,pass
feature_check/s11_eps1e+00_dt2e-03_J256_q64,0.2,be,Ef,9.875650431360586e-10,7.189271399695786e-17,7.279795340736163e-08,pass
feature_check/s11_eps1e+00_dt2e-03_J256_q64,0.2,be,Erho,1.3003442443307608e-10,8.20535868196442e-16,6.31014342374193e-06,pass
feature_check/s11_eps1e+00_dt2e-03_J256_q64,0.2,be,Eq_absolute,1.715897147036883e-10,3.5690894962510313e-16,2.0800136549060387e-06,pass
feature_check/s11_eps1e-03_dt2e-03_J256_q64,0.0,ct,Ef,0.0,0.0,,initial exact state; no relative acceptance
feature_check/s11_eps1e-03_dt2e-03_J256_q64,0.0,ct,Erho,0.0,0.0,,initial exact state; no relative acceptance
feature_check/s11_eps1e-03_dt2e-03_J256_q64,0.0,ct,Eq_absolute,6.775240284969659e-16,2.5874326406531937e-17,0.03818953323903819,initial exact state; no relative acceptance
feature_check/s11_eps1e-03_dt2e-03_J256_q64,0.0,be,Ef,0.0,0.0,,initial exact state; no relative acceptance
feature_check/s11_eps1e-03_dt2e-03_J256_q64,0.0,be,Erho,0.0,0.0,,initial exact state; no relative acceptance
feature_check/s11_eps1e-03_dt2e-03_J256_q64,0.0,be,Eq_absolute,6.775240284969659e-16,2.5874326406531937e-17,0.03818953323903819,initial exact state; no relative acceptance
feature_check/s11_eps1e-03_dt2e-03_J256_q64,0.02,ct,Ef,0.00036845262154455,5.299861793057923e-14,1.438410662092985e-10,pass
feature_check/s11_eps1e-03_dt2e-03_J256_q64,0.02,ct,Erho,0.00036845022551850105,5.2999105941254776e-14,1.4384332610102725e-10,pass
feature_check/s11_eps1e-03_dt2e-03_J256_q64,0.02,ct,Eq_absolute,0.0007762277441659734,1.146904482361935e-13,1.477536059464403e-10,pass
feature_check/s11_eps1e-03_dt2e-03_J256_q64,0.02,be,Ef,1.0291797823147484e-10,1.367575728859787e-13,0.001328801587788623,pass
feature_check/s11_eps1e-03_dt2e-03_J256_q64,0.02,be,Erho,1.0148001987671539e-10,1.3672731347088565e-13,0.0013473323481508082,pass
feature_check/s11_eps1e-03_dt2e-03_J256_q64,0.02,be,Eq_absolute,1.4071502132700174e-09,2.910801185317013e-13,0.00020685788609253904,pass
feature_check/s11_eps1e-03_dt2e-03_J256_q64,0.1,ct,Ef,0.0006506441324098974,3.775356773926175e-14,5.802491079021594e-11,pass
feature_check/s11_eps1e-03_dt2e-03_J256_q64,0.1,ct,Erho,0.0006506398574688598,3.775555834294078e-14,5.8028351490513783e-11,pass
feature_check/s11_eps1e-03_dt2e-03_J256_q64,0.1,ct,Eq_absolute,0.0013636805385332756,8.017605717200125e-14,5.879387063647301e-11,pass
feature_check/s11_eps1e-03_dt2e-03_J256_q64,0.1,be,Ef,6.115213801766368e-11,2.4361044309312667e-13,0.00398367826522697,pass
feature_check/s11_eps1e-03_dt2e-03_J256_q64,0.1,be,Erho,6.0850470332447e-11,2.4360636835887113e-13,0.004003360483952974,pass
feature_check/s11_eps1e-03_dt2e-03_J256_q64,0.1,be,Eq_absolute,5.016835014382889e-10,5.116600080212389e-13,0.0010198860567556002,pass
feature_check/s11_eps1e-03_dt2e-03_J256_q64,0.2,ct,Ef,0.00035226098325254706,2.026599904260841e-14,5.7531205572315886e-11,pass
feature_check/s11_eps1e-03_dt2e-03_J256_q64,0.2,ct,Erho,0.00035225866569435884,2.0260340411528526e-14,5.7515520226002433e-11,pass
feature_check/s11_eps1e-03_dt2e-03_J256_q64,0.2,ct,Eq_absolute,0.000737808949915033,4.272293765599968e-14,5.790514964737105e-11,pass
feature_check/s11_eps1e-03_dt2e-03_J256_q64,0.2,be,Ef,5.4863956529009183e-11,1.3301332872742895e-13,0.0024244210068425976,pass
feature_check/s11_eps1e-03_dt2e-03_J256_q64,0.2,be,Erho,5.483988076930508e-11,1.330245010553358e-13,0.0024256891005093525,pass
feature_check/s11_eps1e-03_dt2e-03_J256_q64,0.2,be,Eq_absolute,1.391907155705431e-10,2.7889853076000647e-13,0.002003715043900742,pass
quadrature_check/s11_eps1e+00_dt2e-03_J128_q128,0.0,ct,Ef,0.0,0.0,,initial exact state; no relative acceptance
quadrature_check/s11_eps1e+00_dt2e-03_J128_q128,0.0,ct,Erho,0.0,0.0,,initial exact state; no relative acceptance
quadrature_check/s11_eps1e+00_dt2e-03_J128_q128,0.0,ct,Eq_absolute,6.775240284969659e-19,2.5874326406531935e-20,0.03818953323903819,initial exact state; no relative acceptance
quadrature_check/s11_eps1e+00_dt2e-03_J128_q128,0.0,be,Ef,0.0,0.0,,initial exact state; no relative acceptance
quadrature_check/s11_eps1e+00_dt2e-03_J128_q128,0.0,be,Erho,0.0,0.0,,initial exact state; no relative acceptance
quadrature_check/s11_eps1e+00_dt2e-03_J128_q128,0.0,be,Eq_absolute,6.775240284969659e-19,2.5874326406531935e-20,0.03818953323903819,initial exact state; no relative acceptance
quadrature_check/s11_eps1e+00_dt2e-03_J128_q128,0.02,ct,Ef,4.995374819052395e-05,2.939689935193679e-17,5.884823545135554e-13,pass
quadrature_check/s11_eps1e+00_dt2e-03_J128_q128,0.02,ct,Erho,3.587411505446936e-05,8.415075344575074e-18,2.3457234643413694e-13,pass
quadrature_check/s11_eps1e+00_dt2e-03_J128_q128,0.02,ct,Eq_absolute,8.70438560610621e-06,7.661041722874228e-17,8.801358383640465e-12,pass
quadrature_check/s11_eps1e+00_dt2e-03_J128_q128,0.02,be,Ef,5.848941113869357e-10,8.338655236260842e-17,1.4256692064291308e-07,pass
quadrature_check/s11_eps1e+00_dt2e-03_J128_q128,0.02,be,Erho,5.371031335636991e-10,1.0710695971964366e-16,1.9941600230291904e-07,pass
quadrature_check/s11_eps1e+00_dt2e-03_J128_q128,0.02,be,Eq_absolute,1.1769910908939438e-10,7.558260739132751e-17,6.4216805017548e-07,pass
quadrature_check/s11_eps1e+00_dt2e-03_J128_q128,0.1,ct,Ef,0.00023884387512621632,3.576997620029884e-17,1.4976300389279946e-13,pass
quadrature_check/s11_eps1e+00_dt2e-03_J128_q128,0.1,ct,Erho,0.00014640294067634743,1.4664685962650165e-16,1.0016660795816489e-12,pass
quadrature_check/s11_eps1e+00_dt2e-03_J128_q128,0.1,ct,Eq_absolute,8.636411815504334e-05,3.4552956060537116e-16,4.000846277212796e-12,pass
quadrature_check/s11_eps1e+00_dt2e-03_J128_q128,0.1,be,Ef,2.8446770983435816e-09,7.106965923146878e-17,2.4983383622995988e-08,pass
quadrature_check/s11_eps1e+00_dt2e-03_J128_q128,0.1,be,Erho,2.0037137398523896e-09,3.5480996434637e-16,1.7707617474964678e-07,pass
quadrature_check/s11_eps1e+00_dt2e-03_J128_q128,0.1,be,Eq_absolute,8.793693505757622e-10,3.092062989180239e-16,3.51622783663739e-07,pass
quadrature_check/s11_eps1e+00_dt2e-03_J128_q128,0.2,ct,Ef,0.0004430159536228638,6.250494101174892e-17,1.4108959395389838e-13,pass
quadrature_check/s11_eps1e+00_dt2e-03_J128_q128,0.2,ct,Erho,0.00016525181316664613,3.7671201265275946e-16,2.2796240805713214e-12,pass
quadrature_check/s11_eps1e+00_dt2e-03_J128_q128,0.2,ct,Eq_absolute,0.00022723952739123941,4.870577595797176e-16,2.1433672441201122e-12,pass
quadrature_check/s11_eps1e+00_dt2e-03_J128_q128,0.2,be,Ef,1.0665199211948462e-08,7.189271399695786e-17,6.740869304758493e-09,pass
quadrature_check/s11_eps1e+00_dt2e-03_J128_q128,0.2,be,Erho,5.667886299964578e-09,8.20535868196442e-16,1.4476928872083584e-07,pass
quadrature_check/s11_eps1e+00_dt2e-03_J128_q128,0.2,be,Eq_absolute,3.3131818762849884e-09,3.5690894962510313e-16,1.0772392309030097e-07,pass
quadrature_check/s11_eps1e-03_dt2e-03_J128_q128,0.0,ct,Ef,0.0,0.0,,initial exact state; no relative acceptance
quadrature_check/s11_eps1e-03_dt2e-03_J128_q128,0.0,ct,Erho,0.0,0.0,,initial exact state; no relative acceptance
quadrature_check/s11_eps1e-03_dt2e-03_J128_q128,0.0,ct,Eq_absolute,6.775240284969659e-16,2.5874326406531937e-17,0.03818953323903819,initial exact state; no relative acceptance
quadrature_check/s11_eps1e-03_dt2e-03_J128_q128,0.0,be,Ef,0.0,0.0,,initial exact state; no relative acceptance
quadrature_check/s11_eps1e-03_dt2e-03_J128_q128,0.0,be,Erho,0.0,0.0,,initial exact state; no relative acceptance
quadrature_check/s11_eps1e-03_dt2e-03_J128_q128,0.0,be,Eq_absolute,6.775240284969659e-16,2.5874326406531937e-17,0.03818953323903819,initial exact state; no relative acceptance
quadrature_check/s11_eps1e-03_dt2e-03_J128_q128,0.02,ct,Ef,0.00036845259645903506,5.299861793057923e-14,1.4384107600249105e-10,pass
quadrature_check/s11_eps1e-03_dt2e-03_J128_q128,0.02,ct,Erho,0.00036845020043315037,5.2999105941254776e-14,1.438433358943732e-10,pass
quadrature_check/s11_eps1e-03_dt2e-03_J128_q128,0.02,ct,Eq_absolute,0.0007762276913868336,1.146904482361935e-13,1.4775361599285877e-10,pass
quadrature_check/s11_eps1e-03_dt2e-03_J128_q128,0.02,be,Ef,6.219634007147355e-10,1.367575728859787e-13,0.00021988041857257573,pass
quadrature_check/s11_eps1e-03_dt2e-03_J128_q128,0.02,be,Erho,6.201861679167824e-10,1.3672731347088565e-13,0.0002204617267265979,pass
quadrature_check/s11_eps1e-03_dt2e-03_J128_q128,0.02,be,Eq_absolute,7.78452729527456e-09,2.910801185317013e-13,3.7392137954014955e-05,pass
quadrature_check/s11_eps1e-03_dt2e-03_J128_q128,0.1,ct,Ef,0.0006506440895028989,3.775356773926175e-14,5.802491461669312e-11,pass
quadrature_check/s11_eps1e-03_dt2e-03_J128_q128,0.1,ct,Erho,0.0006506398145621317,3.775555834294078e-14,5.8028355317218885e-11,pass
quadrature_check/s11_eps1e-03_dt2e-03_J128_q128,0.1,ct,Eq_absolute,0.0013636804486191441,8.017605717200125e-14,5.879387451304089e-11,pass
quadrature_check/s11_eps1e-03_dt2e-03_J128_q128,0.1,be,Ef,2.540025688451182e-10,2.4361044309312667e-13,0.0009590865328675935,pass
quadrature_check/s11_eps1e-03_dt2e-03_J128_q128,0.1,be,Erho,2.534533899517562e-10,2.4360636835887113e-13,0.000961148589905389,pass
quadrature_check/s11_eps1e-03_dt2e-03_J128_q128,0.1,be,Eq_absolute,2.7578685250266427e-09,5.116600080212389e-13,0.0001855273387321087,pass
quadrature_check/s11_eps1e-03_dt2e-03_J128_q128,0.2,ct,Ef,0.0003522609599962871,2.026599904260841e-14,5.7531209370524673e-11,pass
quadrature_check/s11_eps1e-03_dt2e-03_J128_q128,0.2,ct,Erho,0.0003522586424382601,2.0260340411528526e-14,5.751552402317434e-11,pass
quadrature_check/s11_eps1e-03_dt2e-03_J128_q128,0.2,ct,Eq_absolute,0.0007378089012083753,4.272293765599968e-14,5.790515346999544e-11,pass
quadrature_check/s11_eps1e-03_dt2e-03_J128_q128,0.2,be,Ef,1.4973509201349993e-10,1.3301332872742895e-13,0.0008883243529541936,pass
quadrature_check/s11_eps1e-03_dt2e-03_J128_q128,0.2,be,Erho,1.4966605121552707e-10,1.330245010553358e-13,0.0008888087844568936,pass
quadrature_check/s11_eps1e-03_dt2e-03_J128_q128,0.2,be,Eq_absolute,7.541550812524573e-10,2.7889853076000647e-13,0.00036981588759811557,pass
time_check/s11_eps1e+00_dt1e-03_J128_q64,0.0,ct,Ef,0.0,0.0,,initial exact state; no relative acceptance
time_check/s11_eps1e+00_dt1e-03_J128_q64,0.0,ct,Erho,0.0,0.0,,initial exact state; no relative acceptance
time_check/s11_eps1e+00_dt1e-03_J128_q64,0.0,ct,Eq_absolute,6.775240284969659e-19,2.5874326406531935e-20,0.03818953323903819,initial exact state; no relative acceptance
time_check/s11_eps1e+00_dt1e-03_J128_q64,0.0,be,Ef,0.0,0.0,,initial exact state; no relative acceptance
time_check/s11_eps1e+00_dt1e-03_J128_q64,0.0,be,Erho,0.0,0.0,,initial exact state; no relative acceptance
time_check/s11_eps1e+00_dt1e-03_J128_q64,0.0,be,Eq_absolute,6.775240284969659e-19,2.5874326406531935e-20,0.03818953323903819,initial exact state; no relative acceptance
time_check/s11_eps1e+00_dt1e-03_J128_q64,0.02,ct,Ef,2.498891384132719e-05,2.939689935193679e-17,1.176397643314916e-12,pass
time_check/s11_eps1e+00_dt1e-03_J128_q64,0.02,ct,Erho,1.795730348917763e-05,8.415075344575074e-18,4.686157556810579e-13,pass
time_check/s11_eps1e+00_dt1e-03_J128_q64,0.02,ct,Eq_absolute,4.311195558414621e-06,7.661041722874228e-17,1.7770109518510136e-11,pass
time_check/s11_eps1e+00_dt1e-03_J128_q64,0.02,be,Ef,5.83008921210053e-10,1.0211679369796045e-16,1.7515477033527017e-07,pass
time_check/s11_eps1e+00_dt1e-03_J128_q64,0.02,be,Erho,5.28997986637945e-10,1.575819028899441e-16,2.9788752863022857e-07,pass
time_check/s11_eps1e+00_dt1e-03_J128_q64,0.02,be,Eq_absolute,1.2349018282771362e-10,7.780085496244526e-17,6.300165177582458e-07,pass
time_check/s11_eps1e+00_dt1e-03_J128_q64,0.1,ct,Ef,0.0001195543966489041,3.576997620029884e-17,2.9919415097166755e-13,pass
time_check/s11_eps1e+00_dt1e-03_J128_q64,0.1,ct,Erho,7.341469980958559e-05,1.4664685962650165e-16,1.997513577074578e-12,pass
time_check/s11_eps1e+00_dt1e-03_J128_q64,0.1,ct,Eq_absolute,4.30766560975146e-05,3.4552956060537116e-16,8.02127165635095e-12,pass
time_check/s11_eps1e+00_dt1e-03_J128_q64,0.1,be,Ef,2.0464452011767395e-09,1.3092501357892896e-16,6.39767991362021e-08,pass
time_check/s11_eps1e+00_dt1e-03_J128_q64,0.1,be,Erho,1.3215952612962382e-09,7.544401201712201e-16,5.708556486736e-07,pass
time_check/s11_eps1e+00_dt1e-03_J128_q64,0.1,be,Eq_absolute,6.560781215878828e-10,3.3671351146225753e-16,5.132216734301727e-07,pass
time_check/s11_eps1e+00_dt1e-03_J128_q64,0.2,ct,Ef,0.00022193035726805088,6.250494101174892e-17,2.816421411706849e-13,pass
time_check/s11_eps1e+00_dt1e-03_J128_q64,0.2,ct,Erho,8.31339539873381e-05,3.7671201265275946e-16,4.5313857285091406e-12,pass
time_check/s11_eps1e+00_dt1e-03_J128_q64,0.2,ct,Eq_absolute,0.00011370449450116806,4.870577595797176e-16,4.2835400809482875e-12,pass
time_check/s11_eps1e+00_dt1e-03_J128_q64,0.2,be,Ef,4.3062600817350605e-09,2.5124258111069066e-16,5.834356874456618e-08,pass
time_check/s11_eps1e+00_dt1e-03_J128_q64,0.2,be,Erho,1.3341661502823903e-09,1.6582839580679618e-15,1.242936614541576e-06,pass
time_check/s11_eps1e+00_dt1e-03_J128_q64,0.2,be,Eq_absolute,1.2507005441430652e-09,4.57745278576253e-16,3.659911085190129e-07,pass
time_check/s11_eps1e+00_dt4e-03_J128_q64,0.0,ct,Ef,0.0,0.0,,initial exact state; no relative acceptance
time_check/s11_eps1e+00_dt4e-03_J128_q64,0.0,ct,Erho,0.0,0.0,,initial exact state; no relative acceptance
time_check/s11_eps1e+00_dt4e-03_J128_q64,0.0,ct,Eq_absolute,6.775240284969659e-19,2.5874326406531935e-20,0.03818953323903819,initial exact state; no relative acceptance
time_check/s11_eps1e+00_dt4e-03_J128_q64,0.0,be,Ef,0.0,0.0,,initial exact state; no relative acceptance
time_check/s11_eps1e+00_dt4e-03_J128_q64,0.0,be,Erho,0.0,0.0,,initial exact state; no relative acceptance
time_check/s11_eps1e+00_dt4e-03_J128_q64,0.0,be,Eq_absolute,6.775240284969659e-19,2.5874326406531935e-20,0.03818953323903819,initial exact state; no relative acceptance
time_check/s11_eps1e+00_dt4e-03_J128_q64,0.02,ct,Ef,9.980671200297173e-05,2.939689935193679e-17,2.9453830070127453e-13,pass
time_check/s11_eps1e+00_dt4e-03_J128_q64,0.02,ct,Erho,7.15818014411941e-05,8.415075344575074e-18,1.1755886517452665e-13,pass
time_check/s11_eps1e+00_dt4e-03_J128_q64,0.02,ct,Eq_absolute,1.7734014185161207e-05,7.661041722874228e-17,4.319970449377751e-12,pass
time_check/s11_eps1e+00_dt4e-03_J128_q64,0.02,be,Ef,5.539056409579856e-10,7.134314646153246e-17,1.2880018036672049e-07,pass
time_check/s11_eps1e+00_dt4e-03_J128_q64,0.02,be,Erho,5.182760370767485e-10,6.990156435064121e-17,1.34873232312475e-07,pass
time_check/s11_eps1e+00_dt4e-03_J128_q64,0.02,be,Eq_absolute,9.82100048654814e-11,7.887398816018778e-17,8.03115611980895e-07,pass
time_check/s11_eps1e+00_dt4e-03_J128_q64,0.1,ct,Ef,0.00047661089700511676,3.576997620029884e-17,7.505068898983824e-14,pass
time_check/s11_eps1e+00_dt4e-03_J128_q64,0.1,ct,Erho,0.00029109202318834774,1.4664685962650165e-16,5.037817870110975e-13,pass
time_check/s11_eps1e+00_dt4e-03_J128_q64,0.1,ct,Eq_absolute,0.00017355135771038346,3.4552956060537116e-16,1.9909355084503518e-12,pass
time_check/s11_eps1e+00_dt4e-03_J128_q64,0.1,be,Ef,1.7945589723714059e-09,1.0024334769026659e-16,5.5859600733990256e-08,pass
time_check/s11_eps1e+00_dt4e-03_J128_q64,0.1,be,Erho,1.1981492842140482e-09,7.312428695074922e-17,6.103103170379697e-08,pass
time_check/s11_eps1e+00_dt4e-03_J128_q64,0.1,be,Eq_absolute,5.656799063931112e-10,3.550102769599203e-16,6.275815579583465e-07,pass
time_check/s11_eps1e+00_dt4e-03_J128_q64,0.2,ct,Ef,0.0008826372784181599,6.250494101174892e-17,7.081611273406523e-14,pass
time_check/s11_eps1e+00_dt4e-03_J128_q64,0.2,ct,Erho,0.0003264627338182315,3.7671201265275946e-16,1.1539204130493675e-12,pass
time_check/s11_eps1e+00_dt4e-03_J128_q64,0.2,ct,Eq_absolute,0.0004537709794621063,4.870577595797176e-16,1.0733559033613585e-12,pass
time_check/s11_eps1e+00_dt4e-03_J128_q64,0.2,be,Ef,4.3745970633525985e-09,7.532676281455078e-17,1.721913166485371e-08,pass
time_check/s11_eps1e+00_dt4e-03_J128_q64,0.2,be,Erho,1.6323089068438035e-09,3.0872732999930174e-16,1.8913535832886563e-07,pass
time_check/s11_eps1e+00_dt4e-03_J128_q64,0.2,be,Eq_absolute,1.2437983939539654e-09,5.214657171342842e-16,4.192526053009073e-07,pass
time_check/s11_eps1e-03_dt1e-03_J128_q64,0.0,ct,Ef,0.0,0.0,,initial exact state; no relative acceptance
time_check/s11_eps1e-03_dt1e-03_J128_q64,0.0,ct,Erho,0.0,0.0,,initial exact state; no relative acceptance
time_check/s11_eps1e-03_dt1e-03_J128_q64,0.0,ct,Eq_absolute,6.775240284969659e-16,2.5874326406531937e-17,0.03818953323903819,initial exact state; no relative acceptance
time_check/s11_eps1e-03_dt1e-03_J128_q64,0.0,be,Ef,0.0,0.0,,initial exact state; no relative acceptance
time_check/s11_eps1e-03_dt1e-03_J128_q64,0.0,be,Erho,0.0,0.0,,initial exact state; no relative acceptance
time_check/s11_eps1e-03_dt1e-03_J128_q64,0.0,be,Eq_absolute,6.775240284969659e-16,2.5874326406531937e-17,0.03818953323903819,initial exact state; no relative acceptance
time_check/s11_eps1e-03_dt1e-03_J128_q64,0.02,ct,Ef,0.00018566651522149903,5.299861793057923e-14,2.854505987110934e-10,pass
time_check/s11_eps1e-03_dt1e-03_J128_q64,0.02,ct,Erho,0.00018566530784290257,5.2999105941254776e-14,2.8545508343486033e-10,pass
time_check/s11_eps1e-03_dt1e-03_J128_q64,0.02,ct,Eq_absolute,0.0003911479845623667,1.146904482361935e-13,2.9321497940099103e-10,pass
time_check/s11_eps1e-03_dt1e-03_J128_q64,0.02,be,Ef,6.32176629057249e-10,2.8727699153258955e-14,4.544252006927231e-05,pass
time_check/s11_eps1e-03_dt1e-03_J128_q64,0.02,be,Erho,6.307409883551244e-10,2.877654070969185e-14,4.562338779462652e-05,pass
time_check/s11_eps1e-03_dt1e-03_J128_q64,0.02,be,Eq_absolute,8.206565111208306e-09,6.367511563394502e-14,7.759045931041144e-06,pass
time_check/s11_eps1e-03_dt1e-03_J128_q64,0.1,ct,Ef,0.0003267580071363295,3.775356773926175e-14,1.1553983962054909e-10,pass
time_check/s11_eps1e-03_dt1e-03_J128_q64,0.1,ct,Erho,0.0003267558602312218,3.775555834294078e-14,1.1554669078076785e-10,pass
time_check/s11_eps1e-03_dt1e-03_J128_q64,0.1,ct,Eq_absolute,0.0006848498479558376,8.017605717200125e-14,1.1707100090817483e-10,pass
time_check/s11_eps1e-03_dt1e-03_J128_q64,0.1,be,Ef,2.500194626463027e-10,5.076797243663841e-14,0.0002030560817117618,pass
time_check/s11_eps1e-03_dt1e-03_J128_q64,0.1,be,Erho,2.4956760465732226e-10,5.0773679827196536e-14,0.00020344659675246375,pass
time_check/s11_eps1e-03_dt1e-03_J128_q64,0.1,be,Eq_absolute,2.886521271291347e-09,1.0747499476381952e-13,3.723339780404192e-05,pass
time_check/s11_eps1e-03_dt1e-03_J128_q64,0.2,ct,Ef,0.00017615854390477185,2.026599904260841e-14,1.1504408808898786e-10,pass
time_check/s11_eps1e-03_dt1e-03_J128_q64,0.2,ct,Erho,0.00017615738494111701,2.0260340411528526e-14,1.1501272239197249e-10,pass
time_check/s11_eps1e-03_dt1e-03_J128_q64,0.2,ct,Eq_absolute,0.0003689632303257923,4.272293765599968e-14,1.1579185714054917e-10,pass
time_check/s11_eps1e-03_dt1e-03_J128_q64,0.2,be,Ef,1.372557717667508e-10,2.7479686961021593e-14,0.00020020787910995772,pass
time_check/s11_eps1e-03_dt1e-03_J128_q64,0.2,be,Erho,1.3719588610797304e-10,2.748957009003307e-14,0.00020036730597299983,pass
time_check/s11_eps1e-03_dt1e-03_J128_q64,0.2,be,Eq_absolute,7.823942542761214e-10,5.784365690958824e-14,7.393159726499492e-05,pass
time_check/s11_eps1e-03_dt4e-03_J128_q64,0.0,ct,Ef,0.0,0.0,,initial exact state; no relative acceptance
time_check/s11_eps1e-03_dt4e-03_J128_q64,0.0,ct,Erho,0.0,0.0,,initial exact state; no relative acceptance
time_check/s11_eps1e-03_dt4e-03_J128_q64,0.0,ct,Eq_absolute,6.775240284969659e-16,2.5874326406531937e-17,0.03818953323903819,initial exact state; no relative acceptance
time_check/s11_eps1e-03_dt4e-03_J128_q64,0.0,be,Ef,0.0,0.0,,initial exact state; no relative acceptance
time_check/s11_eps1e-03_dt4e-03_J128_q64,0.0,be,Erho,0.0,0.0,,initial exact state; no relative acceptance
time_check/s11_eps1e-03_dt4e-03_J128_q64,0.0,be,Eq_absolute,6.775240284969659e-16,2.5874326406531937e-17,0.03818953323903819,initial exact state; no relative acceptance
time_check/s11_eps1e-03_dt4e-03_J128_q64,0.02,ct,Ef,0.0007256851056970605,5.299861793057923e-14,7.303252817855637e-11,pass
time_check/s11_eps1e-03_dt4e-03_J128_q64,0.02,ct,Erho,0.0007256803866088562,5.2999105941254776e-14,7.303367559501295e-11,pass
time_check/s11_eps1e-03_dt4e-03_J128_q64,0.02,ct,Eq_absolute,0.0015288177628718564,1.146904482361935e-13,7.501904479494637e-11,pass
time_check/s11_eps1e-03_dt4e-03_J128_q64,0.02,be,Ef,5.633780551520928e-10,8.775882068193636e-14,0.00015577252233980695,pass
time_check/s11_eps1e-03_dt4e-03_J128_q64,0.02,be,Erho,5.603389353104693e-10,8.774288529800154e-14,0.00015658894959598958,pass
time_check/s11_eps1e-03_dt4e-03_J128_q64,0.02,be,Eq_absolute,6.845558913179231e-09,1.8782978269493632e-13,2.743819534345428e-05,pass
time_check/s11_eps1e-03_dt4e-03_J128_q64,0.1,ct,Ef,0.0012899754441819875,3.775356773926175e-14,2.926688869120484e-11,pass
time_check/s11_eps1e-03_dt4e-03_J128_q64,0.1,ct,Erho,0.0012899669686287558,3.775555834294078e-14,2.926862412847301e-11,pass
time_check/s11_eps1e-03_dt4e-03_J128_q64,0.1,ct,Eq_absolute,0.0027036506145299106,8.017605717200125e-14,2.9654740424343485e-11,pass
time_check/s11_eps1e-03_dt4e-03_J128_q64,0.1,be,Ef,2.4076464514000225e-10,1.586700361150564e-13,0.0006590254811822199,pass
time_check/s11_eps1e-03_dt4e-03_J128_q64,0.1,be,Erho,2.398441099475992e-10,1.5866427588278806e-13,0.0006615308415013935,pass
time_check/s11_eps1e-03_dt4e-03_J128_q64,0.1,be,Eq_absolute,2.4605280593182568e-09,3.3364545922410613e-13,0.00013559912798415715,pass
time_check/s11_eps1e-03_dt4e-03_J128_q64,0.2,ct,Ef,0.0007042368030929692,2.026599904260841e-14,2.8777250711126228e-11,pass
time_check/s11_eps1e-03_dt4e-03_J128_q64,0.2,ct,Erho,0.0007042321698526972,2.0260340411528526e-14,2.876940486227197e-11,pass
time_check/s11_eps1e-03_dt4e-03_J128_q64,0.2,ct,Eq_absolute,0.0014750206264289994,4.272293765599968e-14,2.8964298458273904e-11,pass
time_check/s11_eps1e-03_dt4e-03_J128_q64,0.2,be,Ef,1.528675735401398e-10,8.800043361319178e-14,0.0005756644890427643,pass
time_check/s11_eps1e-03_dt4e-03_J128_q64,0.2,be,Erho,1.527562732897301e-10,8.799991887438652e-14,0.000576080556164647,pass
time_check/s11_eps1e-03_dt4e-03_J128_q64,0.2,be,Eq_absolute,6.840892916958529e-10,1.8460938498982212e-13,0.00026986153303492976,pass
