run,epsilon,dt,seed,J,t,reference,Ef,Erho,Eq_absolute,Eq_relative,reference_delta_f,reference_delta_rho,reference_delta_q_absolute,amplitude_reference,Ediff_BE
factorized_check/s11_eps1e+00_dt2e-03_J128_q64,1,0.002,11,128,0.2,ct,0.0004430159540600106,0.00016525180952635876,0.00022723952807696503,0.004956127120235547,6.250494101174892e-17,3.7671201265275946e-16,4.870577595797176e-16,0.1543391096771547,0.09843613110368406
factorized_check/s11_eps1e+00_dt2e-03_J128_q64,1,0.002,11,128,0.2,be,1.0659826599483222e-08,5.664725297168934e-09,3.311264492781152e-09,7.257886977461367e-08,7.189271399695786e-17,8.20535868196442e-16,3.5690894962510313e-16,0.15410402051230832,0.09843613110368406
factorized_check/s11_eps1e-03_dt2e-03_J128_q64,0.001,0.002,11,128,0.2,ct,0.00035226096001849386,0.0003522586424604491,0.0007378089012520671,0.03462451434073848,2.026599904260841e-14,2.0260340411528526e-14,4.272293765599968e-14,0.014388497348981177,6.74352130334771e-08
factorized_check/s11_eps1e-03_dt2e-03_J128_q64,0.001,0.002,11,128,0.2,be,1.5097948970110843e-10,1.5091102722756525e-10,7.54146257189894e-10,3.4206813052166397e-08,1.3301332872742895e-13,1.330245010553358e-13,2.7889853076000647e-13,0.0148866921357492,6.74352130334771e-08
time_check/s11_eps1e+00_dt1e-03_J128_q64,1,0.001,11,128,0.2,ct,0.00022193035726805088,8.31339539873381e-05,0.00011370449450116806,0.002479911543818407,6.250494101174892e-17,3.7671201265275946e-16,4.870577595797176e-16,0.1543391096771547,0.09869501195141846
time_check/s11_eps1e+00_dt1e-03_J128_q64,1,0.001,11,128,0.2,be,4.3062600817350605e-09,1.3341661502823903e-09,1.2507005441430652e-09,2.734577568011292e-08,2.5124258111069066e-16,1.6582839580679618e-15,4.57745278576253e-16,0.15422084231191474,0.09869501195141846
time_check/s11_eps1e+00_dt4e-03_J128_q64,1,0.004,11,128,0.2,ct,0.0008826372784181599,0.0003264627338182315,0.0004537709794621063,0.009896810984954537,6.250494101174892e-17,3.7671201265275946e-16,4.870577595797176e-16,0.1543391096771547,0.09792163497611849
time_check/s11_eps1e+00_dt4e-03_J128_q64,1,0.004,11,128,0.2,be,4.3745970633525985e-09,1.6323089068438035e-09,1.2437983939539654e-09,2.739858226168995e-08,7.532676281455078e-17,3.0872732999930174e-16,5.214657171342842e-16,0.15387468032585105,0.09792163497611849
time_check/s11_eps1e-03_dt1e-03_J128_q64,0.001,0.001,11,128,0.2,ct,0.00017615854390477185,0.00017615738494111701,0.0003689632303257923,0.017315015633372042,2.026599904260841e-14,2.0260340411528526e-14,4.272293765599968e-14,0.014388497348981177,6.540296905308569e-08
time_check/s11_eps1e-03_dt1e-03_J128_q64,0.001,0.001,11,128,0.2,be,1.372557717667508e-10,1.3719588610797304e-10,7.823942542761214e-10,3.609192085079092e-08,2.7479686961021593e-14,2.748957009003307e-14,5.784365690958824e-14,0.014637634454046904,6.540296905308569e-08
time_check/s11_eps1e-03_dt4e-03_J128_q64,0.001,0.004,11,128,0.2,ct,0.0007042368030929692,0.0007042321698526972,0.0014750206264289994,0.06922100390223893,2.026599904260841e-14,2.0260340411528526e-14,4.272293765599968e-14,0.014388497348981177,7.152487908751827e-08
time_check/s11_eps1e-03_dt4e-03_J128_q64,0.001,0.004,11,128,0.2,be,1.528675735401398e-10,1.527562732897301e-10,6.840892916958529e-10,3.002514471332788e-08,8.800043361319178e-14,8.799991887438652e-14,1.8460938498982212e-13,0.015384483636767608,7.152487908751827e-08
