run,rank,valid_for_e6,feature_nested,max_mass_drift,max_periodic_r,max_periodic_j,constant_r_error,constant_j_error,reference_status,test_refinement_status
factorized_check/s11_eps1e+00_dt2e-03_J128_q64,202,True,True,1.2380430014502508e-10,5.817080290820743e-09,2.3493574055840473e-10,6.351893298025256e-13,2.697957454202733e-13,pending,pending
factorized_check/s11_eps1e-01_dt2e-03_J128_q64,201,True,True,5.699698490957417e-10,1.2504763495994364e-08,3.1767468579472115e-10,6.773964070677419e-13,1.7515126474082787e-12,pending,pending
factorized_check/s11_eps1e-02_dt2e-03_J128_q64,198,True,True,1.4413714666261512e-10,2.00263581771011e-10,1.883690932311583e-11,6.026093689458485e-13,7.629936266588985e-12,pending,pending
factorized_check/s11_eps1e-03_dt2e-03_J128_q64,197,True,True,1.330786592035338e-10,1.29757551540076e-10,2.972564590397205e-11,6.099905307609323e-13,1.0231621362441588e-11,pending,pending
factorized_check/s23_eps1e+00_dt2e-03_J128_q64,198,True,True,3.734457187931639e-11,3.6408627267629496e-09,4.239049649290671e-11,5.521234297826628e-13,7.735498975982586e-13,pending,pending
factorized_check/s23_eps1e-01_dt2e-03_J128_q64,197,True,True,3.9334757673259446e-11,2.3864569124810494e-08,1.4581830293826242e-10,5.713032955348792e-13,2.3205098327295526e-12,pending,pending
factorized_check/s23_eps1e-02_dt2e-03_J128_q64,194,True,True,2.4240387475060743e-10,6.443527650593593e-10,8.047658079595001e-12,4.596928424588343e-13,1.228006311508404e-11,pending,pending
factorized_check/s23_eps1e-03_dt2e-03_J128_q64,194,True,True,2.9710178761632733e-10,3.284114618043274e-10,7.281856193168808e-12,4.686131375879777e-13,1.3997700003351066e-11,pending,pending
factorized_check/s37_eps1e+00_dt2e-03_J128_q64,192,True,True,5.009792580779049e-11,1.258932686885742e-09,9.559331187872944e-11,3.3111199116833167e-13,3.4699397057103836e-13,pending,pending
factorized_check/s37_eps1e-01_dt2e-03_J128_q64,192,True,True,1.98097604986458e-09,1.4137866439042445e-08,2.3053731042739584e-10,3.433860247847015e-13,9.30853774979055e-13,pending,pending
factorized_check/s37_eps1e-02_dt2e-03_J128_q64,189,True,True,9.007141699157728e-10,2.5618736765764535e-09,1.3577731571507973e-10,4.0095759113243013e-13,8.525577507057565e-12,pending,pending
factorized_check/s37_eps1e-03_dt2e-03_J128_q64,189,True,True,7.233960097607905e-10,2.2534165981927043e-09,1.0991692764381088e-10,4.086655694242846e-13,9.910335492449272e-12,pending,pending
feature_check/s11_eps1e+00_dt2e-03_J256_q64,237,True,True,5.976552586162143e-12,2.143532871008978e-10,2.7955732043373985e-12,1.5609041101661536e-12,2.419807960022951e-13,pending,pending
feature_check/s11_eps1e-03_dt2e-03_J256_q64,235,True,True,5.183720119816826e-11,8.122421821935686e-11,3.330589713676618e-12,2.9580539051572845e-13,4.282164271868086e-12,pending,pending
quadrature_check/s11_eps1e+00_dt2e-03_J128_q128,202,True,True,1.0353473633983867e-10,5.818252271531647e-09,2.350034859175603e-10,6.353427392268432e-13,2.698374199337153e-13,pending,pending
quadrature_check/s11_eps1e-03_dt2e-03_J128_q128,197,True,True,1.3165779577661851e-10,1.2975898989289337e-10,2.972749747499963e-11,6.096745467334851e-13,1.022732557432302e-11,pending,pending
time_check/s11_eps1e+00_dt1e-03_J128_q64,200,True,True,6.249489814535991e-11,1.9043642704724107e-09,7.432829412011035e-11,6.399996609576572e-13,1.5667006760445095e-13,pending,pending
time_check/s11_eps1e+00_dt4e-03_J128_q64,202,True,True,2.4551027877350862e-11,4.217152966259473e-09,9.707406392778142e-11,6.383527726027016e-13,4.297195040844109e-13,pending,pending
time_check/s11_eps1e-03_dt1e-03_J128_q64,197,True,True,1.1838907632011342e-10,1.537187685227309e-10,2.9756323353871556e-11,6.064747253678267e-13,1.077588727235931e-11,pending,pending
time_check/s11_eps1e-03_dt4e-03_J128_q64,197,True,True,1.3639900320328024e-10,1.2538154642650902e-10,2.5956314818665917e-11,6.186034396260602e-13,1.0359394793159153e-11,pending,pending
