suite,problem,epsilon,steps,seed,device,E_f,E_rho,train_time_s,best_step,source
cost,p1,0.001,500,7,cuda:1,0.003233079446321616,0.002789564667196873,19.046948140021414,500,runs/cost/P1/eps_1e-03/steps_500/seed_7/metrics.json
cost,p1,0.001,500,11,cuda:1,0.0026302639112924507,0.0010234754683819522,20.043589429929852,500,runs/cost/P1/eps_1e-03/steps_500/seed_11/metrics.json
cost,p1,0.001,500,17,cuda:1,0.00336390691518732,0.0029640726458875586,20.116081692045555,500,runs/cost/P1/eps_1e-03/steps_500/seed_17/metrics.json
cost,p3,0.001,500,7,cuda:2,0.02504172563465844,0.016458569995479552,20.992022009100765,500,runs/cost/P3/eps_1e-03/steps_500/seed_7/metrics.json
cost,p3,0.001,500,11,cuda:2,0.026852613574947053,0.020087914771752043,24.050278970971704,500,runs/cost/P3/eps_1e-03/steps_500/seed_11/metrics.json
cost,p3,0.001,500,17,cuda:2,0.02448042728837176,0.018850608589572673,23.160937637789175,500,runs/cost/P3/eps_1e-03/steps_500/seed_17/metrics.json
cost,p1,0.001,2000,7,cuda:1,0.0016303171231443613,0.0011994644786836714,69.45829759188928,1200,runs/cost/P1/eps_1e-03/steps_2000/seed_7/metrics.json
cost,p1,0.001,2000,11,cuda:1,0.0017792206475938017,0.0009644761241840916,71.26932037714869,1400,runs/cost/P1/eps_1e-03/steps_2000/seed_11/metrics.json
cost,p1,0.001,2000,17,cuda:1,0.0017640648848421703,0.001538929743069219,71.61215755203739,2000,runs/cost/P1/eps_1e-03/steps_2000/seed_17/metrics.json
cost,p3,0.001,2000,7,cuda:2,0.006334417351357609,0.004686668918957909,87.11425311211497,2000,runs/cost/P3/eps_1e-03/steps_2000/seed_7/metrics.json
cost,p3,0.001,2000,11,cuda:2,0.005734282959483405,0.003374907814341776,89.59073022496887,1800,runs/cost/P3/eps_1e-03/steps_2000/seed_11/metrics.json
cost,p3,0.001,2000,17,cuda:2,0.006273331657596715,0.003837052234452048,87.72485152608715,1800,runs/cost/P3/eps_1e-03/steps_2000/seed_17/metrics.json
cost,p1,0.001,5000,7,cuda:1,0.0008545091979498732,0.0007723929092483181,146.7722075090278,4800,runs/cost/P1/eps_1e-03/steps_5000/seed_7/metrics.json
cost,p1,0.001,5000,11,cuda:1,0.0003157229616756602,0.00021299360762062794,146.69696698593907,5000,runs/cost/P1/eps_1e-03/steps_5000/seed_11/metrics.json
cost,p1,0.001,5000,17,cuda:1,0.000850366428110312,0.0006871628180571125,146.63488733395934,5000,runs/cost/P1/eps_1e-03/steps_5000/seed_17/metrics.json
cost,p3,0.001,5000,7,cuda:2,0.002127763390803719,0.0011918748408942493,173.84655202715658,5000,runs/cost/P3/eps_1e-03/steps_5000/seed_7/metrics.json
cost,p3,0.001,5000,11,cuda:2,0.002634705989134206,0.0014565186702962536,184.10133990901522,5000,runs/cost/P3/eps_1e-03/steps_5000/seed_11/metrics.json
cost,p3,0.001,5000,17,cuda:2,0.0032691088033815333,0.0024008870516433085,185.3405050400179,5000,runs/cost/P3/eps_1e-03/steps_5000/seed_17/metrics.json
baseline,p1,1.0,20000,7,cuda:1,0.00018068384072420963,8.111886208154881e-05,588.3506710107904,18400,runs/baseline/P1/eps_1e+00/steps_20000/seed_7/metrics.json
baseline,p1,1.0,20000,11,cuda:1,0.00021610158308224653,0.0001818229186085025,585.6970351079945,19600,runs/baseline/P1/eps_1e+00/steps_20000/seed_11/metrics.json
baseline,p1,1.0,20000,17,cuda:1,0.00014992444716081422,0.00012059391636341931,582.8360620681196,16800,runs/baseline/P1/eps_1e+00/steps_20000/seed_17/metrics.json
baseline,p1,0.001,20000,7,cuda:2,0.00021188796640370057,0.00016464613165974006,599.9085551861208,16600,runs/baseline/P1/eps_1e-03/steps_20000/seed_7/metrics.json
baseline,p1,0.001,20000,11,cuda:2,0.00012479981098035428,5.378213482202142e-05,576.2832927638665,18600,runs/baseline/P1/eps_1e-03/steps_20000/seed_11/metrics.json
baseline,p1,0.001,20000,17,cuda:2,0.00018155163639719559,0.00015942702787225018,598.7348604691215,19800,runs/baseline/P1/eps_1e-03/steps_20000/seed_17/metrics.json
baseline,p2,1.0,20000,7,cuda:1,0.023185215248218642,0.004283615168358519,746.3821485671215,18600,runs/baseline/P2/eps_1e+00/steps_20000/seed_7/metrics.json
baseline,p2,1.0,20000,11,cuda:1,0.022757848587777272,0.003405547990221994,739.1674777888693,20000,runs/baseline/P2/eps_1e+00/steps_20000/seed_11/metrics.json
baseline,p2,1.0,20000,17,cuda:1,0.024175936756075295,0.004542913129796544,729.3184784031473,19000,runs/baseline/P2/eps_1e+00/steps_20000/seed_17/metrics.json
baseline,p2,0.001,20000,7,cuda:2,0.002676558357984548,0.001565846423641879,756.4571839589626,19400,runs/baseline/P2/eps_1e-03/steps_20000/seed_7/metrics.json
baseline,p2,0.001,20000,11,cuda:2,0.002021352738865312,0.0014901483765947918,679.0030594468117,19200,runs/baseline/P2/eps_1e-03/steps_20000/seed_11/metrics.json
baseline,p2,0.001,20000,17,cuda:2,0.0024888410658631104,0.001189749586824804,752.228730813833,20000,runs/baseline/P2/eps_1e-03/steps_20000/seed_17/metrics.json
baseline,p3,1.0,20000,7,cuda:1,0.0021568608731044,0.0007838067852870586,940.2159201879986,20000,runs/baseline/P3/eps_1e+00/steps_20000/seed_7/metrics.json
baseline,p3,1.0,20000,11,cuda:1,0.0014761922305571425,0.0003254138433311089,941.2465232659597,17200,runs/baseline/P3/eps_1e+00/steps_20000/seed_11/metrics.json
baseline,p3,1.0,20000,17,cuda:1,0.0011535936878513072,0.0003059549027467573,852.8864536371548,19200,runs/baseline/P3/eps_1e+00/steps_20000/seed_17/metrics.json
baseline,p3,0.001,20000,7,cuda:2,0.001267413526903407,0.0006278207859829052,926.3255458499771,20000,runs/baseline/P3/eps_1e-03/steps_20000/seed_7/metrics.json
baseline,p3,0.001,20000,11,cuda:2,0.0010883818102265957,0.00026583377313724166,953.1456481649075,18200,runs/baseline/P3/eps_1e-03/steps_20000/seed_11/metrics.json
baseline,p3,0.001,20000,17,cuda:2,0.0012496857411068533,0.00041556362207703873,949.475313190138,19400,runs/baseline/P3/eps_1e-03/steps_20000/seed_17/metrics.json
baseline,p4,1.0,20000,7,cuda:1,0.0005919140141479396,0.0005433109381017177,1206.800832662033,17400,runs/baseline/P4/eps_1e+00/steps_20000/seed_7/metrics.json
baseline,p4,1.0,20000,11,cuda:1,0.0004328590079832653,0.00032372548652138,1156.7389031639323,19200,runs/baseline/P4/eps_1e+00/steps_20000/seed_11/metrics.json
baseline,p4,1.0,20000,17,cuda:1,0.0004186842233758099,0.0003827585371605014,1191.7273193569854,18000,runs/baseline/P4/eps_1e+00/steps_20000/seed_17/metrics.json
baseline,p4,0.001,20000,7,cuda:2,0.0006262108134606791,0.0006059709600566501,1202.1381490938365,19400,runs/baseline/P4/eps_1e-03/steps_20000/seed_7/metrics.json
baseline,p4,0.001,20000,11,cuda:2,0.0006598866017493193,0.0006114943812731126,1134.1702637008857,17800,runs/baseline/P4/eps_1e-03/steps_20000/seed_11/metrics.json
baseline,p4,0.001,20000,17,cuda:2,0.000698571006000354,0.0006814479735860124,1221.0164741938934,19400,runs/baseline/P4/eps_1e-03/steps_20000/seed_17/metrics.json
baseline,p5,1.0,20000,7,cuda:1,0.001048561506323459,0.0005184791858973027,1094.0001078669447,20000,runs/baseline/P5/eps_1e+00/steps_20000/seed_7/metrics.json
baseline,p5,1.0,20000,11,cuda:1,0.0008218853621251738,0.00018914754854807038,1169.834218113916,19000,runs/baseline/P5/eps_1e+00/steps_20000/seed_11/metrics.json
baseline,p5,1.0,20000,17,cuda:1,0.0009553901241091552,0.0003712708200145908,1160.9955217319075,18000,runs/baseline/P5/eps_1e+00/steps_20000/seed_17/metrics.json
baseline,p5,0.001,20000,7,cuda:2,0.0010109226790510986,0.0006184676321759312,1143.3504045552108,19800,runs/baseline/P5/eps_1e-03/steps_20000/seed_7/metrics.json
baseline,p5,0.001,20000,11,cuda:2,0.0009740217122323623,0.0003270064222234562,1168.498254115926,19800,runs/baseline/P5/eps_1e-03/steps_20000/seed_11/metrics.json
baseline,p5,0.001,20000,17,cuda:2,0.000852297198151419,0.0005363502704808042,1168.186228329083,19000,runs/baseline/P5/eps_1e-03/steps_20000/seed_17/metrics.json
