suite,problem,epsilon,steps,E_f_median,E_f_mean,E_f_std,E_f_min,E_f_max,E_rho_median,E_rho_mean,E_rho_std,E_rho_min,E_rho_max,train_time_s_median,train_time_s_mean,train_time_s_std,train_time_s_min,train_time_s_max
cost,p1,0.001,500,0.003233079446321616,0.0030757500909337956,0.0003913085851869751,0.0026302639112924507,0.00336390691518732,0.002789564667196873,0.002259037593822128,0.0010735797981628382,0.0010234754683819522,0.0029640726458875586,20.043589429929852,19.73553975399894,0.5974383567756545,19.046948140021414,20.116081692045555
cost,p3,0.001,500,0.02504172563465844,0.02545825549932575,0.0012397337579794282,0.02448042728837176,0.026852613574947053,0.018850608589572673,0.018465697785601424,0.0018450347209536327,0.016458569995479552,0.020087914771752043,23.160937637789175,22.73441287262055,1.5731104356289263,20.992022009100765,24.050278970971704
cost,p1,0.001,2000,0.0017640648848421703,0.0017245342185267778,8.194553119524247e-05,0.0016303171231443613,0.0017792206475938017,0.0011994644786836714,0.0012342901153123275,0.00028880591889277166,0.0009644761241840916,0.001538929743069219,71.26932037714869,70.77992517369178,1.157328359134638,69.45829759188928,71.61215755203739
cost,p3,0.001,2000,0.006273331657596715,0.006114010656145909,0.00033026914509990286,0.005734282959483405,0.006334417351357609,0.003837052234452048,0.003966209655917245,0.0006653499293872269,0.003374907814341776,0.004686668918957909,87.72485152608715,88.14327828772366,1.2901726391311006,87.11425311211497,89.59073022496887
cost,p1,0.001,5000,0.000850366428110312,0.0006735328625786151,0.000309879387058292,0.0003157229616756602,0.0008545091979498732,0.0006871628180571125,0.0005575164449753528,0.0003013934823537629,0.00021299360762062794,0.0007723929092483181,146.69696698593907,146.7013539429754,0.0687651195319008,146.63488733395934,146.7722075090278
cost,p3,0.001,5000,0.002634705989134206,0.0026771927277731526,0.0005718576570469576,0.002127763390803719,0.0032691088033815333,0.0014565186702962536,0.0016830935209446037,0.0006355546818683845,0.0011918748408942493,0.0024008870516433085,184.10133990901522,181.09613232539655,6.308818703287108,173.84655202715658,185.3405050400179
baseline,p1,1.0,20000,0.00018068384072420963,0.0001822366236557568,3.3115882606618085e-05,0.00014992444716081422,0.00021610158308224653,0.00012059391636341931,0.00012784523235115686,5.074212192953192e-05,8.111886208154881e-05,0.0001818229186085025,585.6970351079945,585.6279227289682,2.7579540130950426,582.8360620681196,588.3506710107904
baseline,p1,0.001,20000,0.00018155163639719559,0.00017274647126041677,4.420672916621052e-05,0.00012479981098035428,0.00021188796640370057,0.00015942702787225018,0.00012595176478467053,6.255518665782579e-05,5.378213482202142e-05,0.00016464613165974006,598.7348604691215,591.642236139703,13.314174628522435,576.2832927638665,599.9085551861208
baseline,p2,1.0,20000,0.023185215248218642,0.02337300019735707,0.0007274550870046216,0.022757848587777272,0.024175936756075295,0.004283615168358519,0.004077358762792352,0.0005960756192025181,0.003405547990221994,0.004542913129796544,739.1674777888693,738.2893682530461,8.565659176847007,729.3184784031473,746.3821485671215
baseline,p2,0.001,20000,0.0024888410658631104,0.002395584054237657,0.00033741110458065525,0.002021352738865312,0.002676558357984548,0.0014901483765947918,0.0014152481290204914,0.00019892144927325205,0.001189749586824804,0.001565846423641879,752.228730813833,729.2296580732024,43.54886176678507,679.0030594468117,756.4571839589626
baseline,p3,1.0,20000,0.0014761922305571425,0.0015955489305042835,0.0005121726052983699,0.0011535936878513072,0.0021568608731044,0.0003254138433311089,0.00047172517712164167,0.0002704456696057472,0.0003059549027467573,0.0007838067852870586,940.2159201879986,911.4496323637044,50.71981824291583,852.8864536371548,941.2465232659597
baseline,p3,0.001,20000,0.0012496857411068533,0.001201827026078952,9.86454831563661e-05,0.0010883818102265957,0.001267413526903407,0.00041556362207703873,0.0004364060603990619,0.0001818913268785435,0.00026583377313724166,0.0006278207859829052,949.475313190138,942.9821690683408,14.541326022259984,926.3255458499771,953.1456481649075
baseline,p4,1.0,20000,0.0004328590079832653,0.00048115241516900496,9.618383432752456e-05,0.0004186842233758099,0.0005919140141479396,0.0003827585371605014,0.0004165983205945331,0.00011363666152955141,0.00032372548652138,0.0005433109381017177,1191.7273193569854,1185.0890183943168,25.68266878697431,1156.7389031639323,1206.800832662033
baseline,p4,0.001,20000,0.0006598866017493193,0.0006615561404034508,3.620897520757713e-05,0.0006262108134606791,0.000698571006000354,0.0006114943812731126,0.0006329711049719251,4.20729383149577e-05,0.0006059709600566501,0.0006814479735860124,1202.1381490938365,1185.7749623295385,45.67692502852422,1134.1702637008857,1221.0164741938934
baseline,p5,1.0,20000,0.0009553901241091552,0.0009419456641859294,0.00011393455891045909,0.0008218853621251738,0.001048561506323459,0.0003712708200145908,0.0003596325181533212,0.00016497399610981755,0.00018914754854807038,0.0005184791858973027,1160.9955217319075,1141.6099492375895,41.467497934367756,1094.0001078669447,1169.834218113916
baseline,p5,0.001,20000,0.0009740217122323623,0.0009457471964782934,8.30066080412215e-05,0.000852297198151419,0.0010109226790510986,0.0005363502704808042,0.0004939414416267305,0.00015028736074707268,0.0003270064222234562,0.0006184676321759312,1168.186228329083,1160.0116290000733,14.429887041292993,1143.3504045552108,1168.498254115926
