epsilon,median_E_f,min_E_f,max_E_f,seeds
1e-06,0.00600212654043948,0.005177477341257625,0.011130381197805982,3
3.162277660168379e-06,0.005905319009340269,0.0050995458083687726,0.011120395998452031,3
9.999999999999999e-06,0.005804491261844718,0.0050876509009092265,0.011259752126073058,3
3.1622776601683795e-05,0.004907410515135705,0.003677962233734848,0.004920765433857086,3
0.0001,0.00018714193547809694,5.1791990988723224e-05,0.0003478129142760019,3
0.00031622776601683794,1.7810534276326035e-05,1.0521558404224683e-05,4.192993548836297e-05,3
0.001,1.059341136200441e-06,7.47392637040953e-07,7.99649342658472e-06,3
0.0031622776601683794,2.885511355770382e-07,1.5405990600541328e-07,4.2077194456209184e-07,3
0.01,2.6475526591588612e-08,1.0150464708027956e-08,2.6586940399030302e-08,3
0.03162277660168379,6.1488219143781176e-09,3.4276881804451344e-09,1.069517982044986e-08,3
0.1,1.3477021624159788e-09,9.101231381692162e-10,8.99006178664892e-09,3
0.31622776601683794,4.3344086500252014e-10,3.009891558068488e-10,7.2604932938037954e-09,3
1.0,5.123278752956634e-10,4.69950122272692e-10,1.089917336839917e-08,3
