epsilon,gamma_direct,reference_O_epsilon
1e-06,1.8137993642341956e-06,1.8137993642341956e-06
3.162277660168379e-06,5.735737209545406e-06,5.735737209545406e-06
9.999999999999999e-06,1.8137993642341956e-05,1.8137993642341956e-05
3.1622776601683795e-05,5.735737209545408e-05,5.7357372095454065e-05
0.0001,0.0001813799364234196,0.00018137993642341956
0.00031622776601683794,0.0005735737209545407,0.0005735737209545406
0.001,0.001813799364234196,0.0018137993642341956
0.0031622776601683794,0.005735737209545407,0.0057357372095454065
0.01,0.01813799364234196,0.018137993642341955
0.03162277660168379,0.05735737209545406,0.05735737209545406
0.1,0.1813799364234196,0.18137993642341957
0.31622776601683794,0.5735737209545406,0.5735737209545406
1.0,1.8137993642341956,1.8137993642341956
