problem,epsilon,representation,features_per_patch,seed,num_columns,num_rows,rcond,relative_l2_f,relative_l2_rho,rank,rank_fraction,source
p1,0.001,two_component,128,11,256,2944,1e-12,7.538853043628547e-10,6.761742147063112e-10,235,0.91796875,results/requirement_2026_08_20/efficiency_raw/oe_p1_J128/p1_oe_aprfm_eps_1e-03_seed_11_efficiency.json
p1,0.001,two_component,32,11,64,2944,1e-12,8.504598760957495e-05,6.406264266961547e-05,64,1.0,results/requirement_2026_08_20/efficiency_raw/oe_p1_J32/p1_oe_aprfm_eps_1e-03_seed_11_efficiency.json
p1,0.001,two_component,64,11,128,2944,1e-12,5.209061004942283e-07,3.8773818032100084e-07,128,1.0,results/requirement_2026_08_20/efficiency_raw/oe_p1_J64/p1_oe_aprfm_eps_1e-03_seed_11_efficiency.json
p1,0.001,two_component,128,23,256,2944,1e-12,1.117420747692155e-12,1.0030565577731772e-12,231,0.90234375,results/requirement_2026_08_20/efficiency_raw/oe_p1_seed23_J128/p1_oe_aprfm_eps_1e-03_seed_23_efficiency.json
p1,0.001,two_component,32,23,64,2944,1e-12,5.789886946971441e-05,2.7744392459518064e-05,64,1.0,results/requirement_2026_08_20/efficiency_raw/oe_p1_seed23_J32/p1_oe_aprfm_eps_1e-03_seed_23_efficiency.json
p1,0.001,two_component,64,23,128,2944,1e-12,1.2053685905051854e-08,2.7717669224232787e-09,128,1.0,results/requirement_2026_08_20/efficiency_raw/oe_p1_seed23_J64/p1_oe_aprfm_eps_1e-03_seed_23_efficiency.json
p1,0.001,two_component,128,37,256,2944,1e-12,3.229688271351293e-12,2.665228980696231e-12,224,0.875,results/requirement_2026_08_20/efficiency_raw/oe_p1_seed37_J128/p1_oe_aprfm_eps_1e-03_seed_37_efficiency.json
p1,0.001,two_component,32,37,64,2944,1e-12,7.802208587832298e-06,7.04460888200404e-06,64,1.0,results/requirement_2026_08_20/efficiency_raw/oe_p1_seed37_J32/p1_oe_aprfm_eps_1e-03_seed_37_efficiency.json
p1,0.001,two_component,64,37,128,2944,1e-12,5.900331432535281e-09,4.727305576811327e-09,128,1.0,results/requirement_2026_08_20/efficiency_raw/oe_p1_seed37_J64/p1_oe_aprfm_eps_1e-03_seed_37_efficiency.json
p3,0.001,four_component,128,11,512,13808,1e-12,0.0020257095846066705,0.0007198980535427418,512,1.0,results/requirement_2026_08_20/efficiency_raw_four_component_normalized/oe_p3_seed11_J128/p3_oe_aprfm_eps_1e-03_seed_11_efficiency_four_component.json
p3,0.001,four_component,32,11,128,13808,1e-12,0.02185102224179466,0.013850977943897851,128,1.0,results/requirement_2026_08_20/efficiency_raw_four_component_normalized/oe_p3_seed11_J32/p3_oe_aprfm_eps_1e-03_seed_11_efficiency_four_component.json
p3,0.001,four_component,64,11,256,13808,1e-12,0.008918455021863019,0.00424597466806912,256,1.0,results/requirement_2026_08_20/efficiency_raw_four_component_normalized/oe_p3_seed11_J64/p3_oe_aprfm_eps_1e-03_seed_11_efficiency_four_component.json
p3,0.001,four_component,128,23,512,13808,1e-12,0.0011632795773242742,0.00048577917957526854,512,1.0,results/requirement_2026_08_20/efficiency_raw_four_component_normalized/oe_p3_seed23_J128/p3_oe_aprfm_eps_1e-03_seed_23_efficiency_four_component.json
p3,0.001,four_component,32,23,128,13808,1e-12,0.05365820713716817,0.0365792996527154,128,1.0,results/requirement_2026_08_20/efficiency_raw_four_component_normalized/oe_p3_seed23_J32/p3_oe_aprfm_eps_1e-03_seed_23_efficiency_four_component.json
p3,0.001,four_component,64,23,256,13808,1e-12,0.010340350100716447,0.00592374866905737,256,1.0,results/requirement_2026_08_20/efficiency_raw_four_component_normalized/oe_p3_seed23_J64/p3_oe_aprfm_eps_1e-03_seed_23_efficiency_four_component.json
p3,0.001,four_component,128,37,512,13808,1e-12,0.00102412682571993,0.0003506308456613124,512,1.0,results/requirement_2026_08_20/efficiency_raw_four_component_normalized/oe_p3_seed37_J128/p3_oe_aprfm_eps_1e-03_seed_37_efficiency_four_component.json
p3,0.001,four_component,32,37,128,13808,1e-12,0.03475181926420233,0.019418549610640625,128,1.0,results/requirement_2026_08_20/efficiency_raw_four_component_normalized/oe_p3_seed37_J32/p3_oe_aprfm_eps_1e-03_seed_37_efficiency_four_component.json
p3,0.001,four_component,64,37,256,13808,1e-12,0.012347363081039118,0.005807417566784795,256,1.0,results/requirement_2026_08_20/efficiency_raw_four_component_normalized/oe_p3_seed37_J64/p3_oe_aprfm_eps_1e-03_seed_37_efficiency_four_component.json
