problem,method,budget,model_size,residual_points,seeds,E_f,E_rho,solve_time,eval_time
p1,OE-$S_N$-Krylov,32x16,512,512,1,1.9469020452151717e-11,1.9469039040195216e-11,0.07776467502117157,0.0
p1,OE-$S_N$-Krylov,64x32,2048,2048,1,1.505193737168485e-10,1.5051927668029165e-10,0.19479041546583176,0.0
p1,OE-$S_N$-Krylov,128x64,8192,8192,1,9.795952627396434e-12,9.795955859641294e-12,0.9414107427001,0.0
p1,OE-$S_N$-Krylov,256x128,32768,32768,1,1.4362795981444946e-11,1.4362767661563443e-11,17.651975885033607,0.0
p1,MM-APRFM,J=32,64,3008,3,5.3384817795569204e-11,5.338485459766263e-11,2.205697439610958,0.9834919050335884
p1,MM-APRFM,J=64,128,3008,3,7.250758158354029e-11,7.250751076264366e-11,2.5363807901740074,0.9724553003907204
p1,MM-APRFM,J=128,256,3008,3,6.926623873191719e-11,6.926615646162316e-11,3.21416749432683,1.0188418477773666
p1,OE-APNN,500 steps,25474,640,3,0.024845454323397315,0.016278245456071712,12.502012807875872,0.08560296520590782
p1,OE-APNN,2000 steps,25474,640,3,0.01422230801030447,0.008020824958391423,47.768092565238476,0.07020923867821693
p1,OE-APNN,5000 steps,25474,640,3,0.004746232348098891,0.002329998727417639,120.72022555023432,0.09379132464528084
p1,OE-APRFM,J=32,64,2944,3,5.789886946971441e-05,2.7744392459518064e-05,16.602602779865265,3.3579711094498634
p1,OE-APRFM,J=64,128,2944,3,1.2053685905051854e-08,4.727305576811327e-09,15.52807280793786,2.856935530900955
p1,OE-APRFM,J=128,256,2944,3,3.229688271351293e-12,2.665228980696231e-12,16.514373932033777,2.8804798647761345
p3,OE-$S_N$-Krylov,12x12x16,2304,2304,1,0.002982670337783779,0.002982669352920251,0.33280228823423386,0.0
p3,OE-$S_N$-Krylov,16x16x16,4096,4096,1,0.0017496268970001614,0.0017496264845294764,0.4138304889202118,0.0
p3,OE-$S_N$-Krylov,24x24x16,9216,9216,1,0.0008035646957912871,0.000803564569621834,0.7728756330907345,0.0
p3,OE-$S_N$-Krylov,32x32x16,16384,16384,1,0.0004573127501376567,0.0004573126942930038,3.235599961131811,0.0
p3,MM-APRFM,J=64,128,10280,3,5.5453117247828506e-06,5.5452981626868726e-06,4.188598323613405,0.9368594884872437
p3,MM-APRFM,J=128,256,10280,3,3.97368979688429e-08,3.9736869094009316e-08,5.444963321089745,1.2138586342334747
p3,MM-APRFM,J=256,512,10280,3,8.084526911806774e-08,8.084519559060702e-08,9.02009904384613,1.3546780608594418
p3,OE-APNN,500 steps,25730,640,3,0.11867438228381022,0.07930706328783739,18.662212673574686,0.48594000935554504
p3,OE-APNN,2000 steps,25730,640,3,0.04530131537008732,0.022016015796842467,69.45316202193499,0.5086959935724735
p3,OE-APNN,5000 steps,25730,640,3,0.0209160436145798,0.011659857253649758,173.8458647057414,0.5315488278865814
p3,OE-APRFM,J=32,128,13808,3,0.03475181926420233,0.019418549610640625,39.67161615937948,2.4744289591908455
p3,OE-APRFM,J=64,256,13808,3,0.010340350100716447,0.005807417566784795,43.344566877931356,2.4801295697689056
p3,OE-APRFM,J=128,512,13808,3,0.0011632795773242742,0.00048577917957526854,59.06231753155589,3.0763092301785946
