problem,epsilon,seed,relative_l2_f,relative_l2_rho,empirical_stability_ratio
p1,1.0,11,5.599533396622759e-07,7.002899103560848e-08,5.853434228230238
p1,1.0,23,2.7130681976519507e-08,2.6370366807363664e-09,8.789805066293422
p1,1.0,37,7.805799805589049e-09,1.7916402656356454e-09,8.337159793581332
p1,0.001,11,5.209061004942283e-07,3.8773818032100084e-07,4.8202303736124605
p1,0.001,23,1.2053685905051854e-08,2.7717669224232787e-09,2.6306391943669625
p1,0.001,37,5.900331432535281e-09,4.727305576811327e-09,5.19942765742703
p1,1e-06,11,5.241082442132036e-07,3.9136418530368923e-07,4.8598616600914335
p1,1e-06,23,1.2112593163993733e-08,2.720705372627287e-09,2.65188717652548
p1,1e-06,37,5.942437376797747e-09,4.779730287497215e-09,5.247830407332336
p3,1.0,11,0.008071331869649206,0.0018868039822312924,7.122205332998377
p3,1.0,23,0.003474751664965691,0.001326917541243749,6.772422426488844
p3,1.0,37,0.003904837608334306,0.0008659415956012775,6.746701414350968
p3,0.001,11,0.004422587778992847,0.002152491629765134,2.7414459168961347
p3,0.001,23,0.0016589513474442408,0.000893650099067919,2.410100863834915
p3,0.001,37,0.0020135832032008197,0.001027771058910852,2.771285700914227
