problem,epsilon,method,seed,budget,model_size,residual_points,E_f,E_rho,solve_time,eval_time
p1,0.001,OE-APRFM,11,J=128,256,2944,7.538853043628547e-10,6.761742147063112e-10,16.514373932033777,2.7965156361460686
p1,0.001,OE-APRFM,11,J=32,64,2944,8.504598760957495e-05,6.406264266961547e-05,18.160367898643017,3.4780167639255524
p1,0.001,OE-APRFM,11,J=64,128,2944,5.209061004942283e-07,3.8773818032100084e-07,15.52807280793786,3.0804251357913017
p1,0.001,OE-APRFM,23,J=128,256,2944,1.117420747692155e-12,1.0030565577731772e-12,14.32204682379961,2.8804798647761345
p1,0.001,OE-APRFM,23,J=32,64,2944,5.789886946971441e-05,2.7744392459518064e-05,14.532719057053328,2.7060108482837677
p1,0.001,OE-APRFM,23,J=64,128,2944,1.2053685905051854e-08,2.7717669224232787e-09,13.740255199372768,2.856935530900955
p1,0.001,OE-APRFM,37,J=128,256,2944,3.229688271351293e-12,2.665228980696231e-12,18.47870459780097,3.582502517849207
p1,0.001,OE-APRFM,37,J=32,64,2944,7.802208587832298e-06,7.04460888200404e-06,16.602602779865265,3.3579711094498634
p1,0.001,OE-APRFM,37,J=64,128,2944,5.900331432535281e-09,4.727305576811327e-09,16.99747472628951,2.838100850582123
p3,0.001,OE-APRFM,11,J=128,512,13808,0.0020257095846066705,0.0007198980535427418,54.45470069348812,3.132341668009758
p3,0.001,OE-APRFM,11,J=32,128,13808,0.02185102224179466,0.013850977943897851,45.14769822359085,2.401714127510786
p3,0.001,OE-APRFM,11,J=64,256,13808,0.008918455021863019,0.00424597466806912,41.536327332258224,2.8807694502174854
p3,0.001,OE-APRFM,23,J=128,512,13808,0.0011632795773242742,0.00048577917957526854,59.06231753155589,2.9885180667042732
p3,0.001,OE-APRFM,23,J=32,128,13808,0.05365820713716817,0.0365792996527154,39.67161615937948,2.654470358043909
p3,0.001,OE-APRFM,23,J=64,256,13808,0.010340350100716447,0.00592374866905737,48.44757441058755,2.375422790646553
p3,0.001,OE-APRFM,37,J=128,512,13808,0.00102412682571993,0.0003506308456613124,59.834872383624315,3.0763092301785946
p3,0.001,OE-APRFM,37,J=32,128,13808,0.03475181926420233,0.019418549610640625,37.95933651924133,2.4744289591908455
p3,0.001,OE-APRFM,37,J=64,256,13808,0.012347363081039118,0.005807417566784795,43.344566877931356,2.4801295697689056
p1,0.001,MM-APRFM,11,J=128,256,3008,1.3072630032143934e-10,1.3072614371040404e-10,3.2329536378383636,1.0188418477773666
p1,0.001,MM-APRFM,11,J=32,64,3008,1.3802004413932434e-10,1.3801985614630762e-10,2.349491596221924,1.0834373570978642
p1,0.001,MM-APRFM,11,J=64,128,3008,9.266696634555716e-11,9.266687589165372e-11,2.6183239966630936,1.1163575500249863
p1,0.001,MM-APRFM,23,J=128,256,3008,5.4849381684716266e-11,5.484931435136478e-11,3.1395941004157066,0.9348567314445972
p1,0.001,MM-APRFM,23,J=32,64,3008,5.1549973468229867e-11,5.154992288098537e-11,1.9857036843895912,0.8471267111599445
p1,0.001,MM-APRFM,23,J=64,128,3008,2.4729369071486402e-11,2.472934832023649e-11,2.5091813318431377,0.9724553003907204
p1,0.001,MM-APRFM,37,J=128,256,3008,6.926623873191719e-11,6.926615646162316e-11,3.21416749432683,1.029237538576126
p1,0.001,MM-APRFM,37,J=32,64,3008,5.3384817795569204e-11,5.338485459766263e-11,2.205697439610958,0.9834919050335884
p1,0.001,MM-APRFM,37,J=64,128,3008,7.250758158354029e-11,7.250751076264366e-11,2.5363807901740074,0.9664318263530731
p3,0.001,MM-APRFM,11,J=128,256,10280,4.7200737395746716e-08,4.7200635822800294e-08,5.27131749689579,1.2316564209759235
p3,0.001,MM-APRFM,11,J=256,512,10280,4.877731096273302e-08,4.8777207695908085e-08,10.021437209099531,1.4213583506643772
p3,0.001,MM-APRFM,11,J=64,128,10280,5.5453117247828506e-06,5.5452981626868726e-06,3.9443360678851604,1.0486884489655495
p3,0.001,MM-APRFM,23,J=128,256,10280,3.3225752159467514e-08,3.3225638764492895e-08,5.506861858069897,1.2138586342334747
p3,0.001,MM-APRFM,23,J=256,512,10280,8.084526911806774e-08,8.084519559060702e-08,8.81512152031064,1.3546780608594418
p3,0.001,MM-APRFM,23,J=64,128,10280,3.597939591218432e-06,3.5979367607017e-06,4.188598323613405,0.8712658584117889
p3,0.001,MM-APRFM,37,J=128,256,10280,3.97368979688429e-08,3.9736869094009316e-08,5.444963321089745,1.2116081304848194
p3,0.001,MM-APRFM,37,J=256,512,10280,8.604814891308473e-08,8.604809779991197e-08,9.02009904384613,1.1755450181663036
p3,0.001,MM-APRFM,37,J=64,128,10280,5.911146894297898e-06,5.911132791077723e-06,4.1972303576767445,0.9368594884872437
p1,0.001,OE-APNN,23,2000 steps,25474,640,0.01422230801030447,0.008020824958391423,47.768092565238476,0.10269751027226448
p1,0.001,OE-APNN,23,500 steps,25474,640,0.02250094582962835,0.016278245456071712,12.502012807875872,0.08613613620400429
p1,0.001,OE-APNN,23,5000 steps,25474,640,0.004484620946252869,0.003517514197732681,121.54777664318681,0.07081782817840576
p1,0.001,OE-APNN,37,2000 steps,25474,640,0.019058027013138846,0.010742970230132024,47.977263912558556,0.06365330517292023
p1,0.001,OE-APNN,37,500 steps,25474,640,0.027559312762166152,0.013592187614606973,12.594278268516064,0.08560296520590782
p1,0.001,OE-APNN,37,5000 steps,25474,640,0.005006793295101136,0.0022603293678039446,120.72022555023432,0.0999591276049614
p1,0.001,OE-APNN,11,2000 steps,25474,640,0.00788452009770402,0.004968652440132626,46.176087103784084,0.07020923867821693
p1,0.001,OE-APNN,11,500 steps,25474,640,0.024845454323397315,0.018425186921817466,12.1089973077178,0.0675724670290947
p1,0.001,OE-APNN,11,5000 steps,25474,640,0.004746232348098891,0.002329998727417639,116.62853522598743,0.09379132464528084
p3,0.001,OE-APNN,23,2000 steps,25730,640,0.04795318021030219,0.02627993801856218,67.40666794776917,0.5086959935724735
p3,0.001,OE-APNN,23,500 steps,25730,640,0.11867438228381022,0.08067535116789633,18.662212673574686,0.5801542848348618
p3,0.001,OE-APNN,23,5000 steps,25730,640,0.0209160436145798,0.011659857253649758,173.8458647057414,0.47864096984267235
p3,0.001,OE-APNN,37,2000 steps,25730,640,0.01698526551797631,0.00878149897305864,73.50316851586103,0.5208429582417011
p3,0.001,OE-APNN,37,500 steps,25730,640,0.0750754352373435,0.0469820644626826,20.952894743531942,0.4335148446261883
p3,0.001,OE-APNN,37,5000 steps,25730,640,0.00726098622904306,0.0034380610676083795,174.42042232304811,0.5373832732439041
p3,0.001,OE-APNN,11,2000 steps,25730,640,0.04530131537008732,0.022016015796842467,69.45316202193499,0.49471571296453476
p3,0.001,OE-APNN,11,500 steps,25730,640,0.11904191022389264,0.07930706328783739,17.50662900879979,0.48594000935554504
p3,0.001,OE-APNN,11,5000 steps,25730,640,0.03405811578752967,0.01656269489831236,168.94689711928368,0.5315488278865814
p3,0.001,OE-$S_N$-Krylov,deterministic,12x12x16,2304,2304,0.002982670337783779,0.002982669352920251,0.33280228823423386,0.0
p3,0.001,OE-$S_N$-Krylov,deterministic,16x16x16,4096,4096,0.0017496268970001614,0.0017496264845294764,0.4138304889202118,0.0
p3,0.001,OE-$S_N$-Krylov,deterministic,24x24x16,9216,9216,0.0008035646957912871,0.000803564569621834,0.7728756330907345,0.0
p3,0.001,OE-$S_N$-Krylov,deterministic,32x32x16,16384,16384,0.0004573127501376567,0.0004573126942930038,3.235599961131811,0.0
p1,0.001,OE-$S_N$-Krylov,deterministic,128x64,8192,8192,9.795952627396434e-12,9.795955859641294e-12,0.9414107427001,0.0
p1,0.001,OE-$S_N$-Krylov,deterministic,256x128,32768,32768,1.4362795981444946e-11,1.4362767661563443e-11,17.651975885033607,0.0
p1,0.001,OE-$S_N$-Krylov,deterministic,32x16,512,512,1.9469020452151717e-11,1.9469039040195216e-11,0.07776467502117157,0.0
p1,0.001,OE-$S_N$-Krylov,deterministic,64x32,2048,2048,1.505193737168485e-10,1.5051927668029165e-10,0.19479041546583176,0.0
