problem,metric,tolerance,method,N_tau,budget,time_at_N_tau
p1,E_f,0.01,OE-$S_N$-Krylov,512,32x16,0.07776467502117157
p1,E_f,0.01,MM-APRFM,64,J=32,2.205697439610958
p1,E_f,0.01,OE-APNN,25474,5000 steps,120.72022555023432
p1,E_f,0.01,OE-APRFM,64,J=32,16.602602779865265
p1,E_f,0.001,OE-$S_N$-Krylov,512,32x16,0.07776467502117157
p1,E_f,0.001,MM-APRFM,64,J=32,2.205697439610958
p1,E_f,0.001,OE-APNN,,,
p1,E_f,0.001,OE-APRFM,64,J=32,16.602602779865265
p1,E_f,0.0001,OE-$S_N$-Krylov,512,32x16,0.07776467502117157
p1,E_f,0.0001,MM-APRFM,64,J=32,2.205697439610958
p1,E_f,0.0001,OE-APNN,,,
p1,E_f,0.0001,OE-APRFM,64,J=32,16.602602779865265
p1,E_rho,0.01,OE-$S_N$-Krylov,512,32x16,0.07776467502117157
p1,E_rho,0.01,MM-APRFM,64,J=32,2.205697439610958
p1,E_rho,0.01,OE-APNN,25474,2000 steps,47.768092565238476
p1,E_rho,0.01,OE-APRFM,64,J=32,16.602602779865265
p1,E_rho,0.001,OE-$S_N$-Krylov,512,32x16,0.07776467502117157
p1,E_rho,0.001,MM-APRFM,64,J=32,2.205697439610958
p1,E_rho,0.001,OE-APNN,,,
p1,E_rho,0.001,OE-APRFM,64,J=32,16.602602779865265
p1,E_rho,0.0001,OE-$S_N$-Krylov,512,32x16,0.07776467502117157
p1,E_rho,0.0001,MM-APRFM,64,J=32,2.205697439610958
p1,E_rho,0.0001,OE-APNN,,,
p1,E_rho,0.0001,OE-APRFM,64,J=32,16.602602779865265
p3,E_f,0.01,OE-$S_N$-Krylov,2304,12x12x16,0.33280228823423386
p3,E_f,0.01,MM-APRFM,128,J=64,4.188598323613405
p3,E_f,0.01,OE-APNN,,,
p3,E_f,0.01,OE-APRFM,512,J=128,59.06231753155589
p3,E_f,0.001,OE-$S_N$-Krylov,9216,24x24x16,0.7728756330907345
p3,E_f,0.001,MM-APRFM,128,J=64,4.188598323613405
p3,E_f,0.001,OE-APNN,,,
p3,E_f,0.001,OE-APRFM,,,
p3,E_f,0.0001,OE-$S_N$-Krylov,,,
p3,E_f,0.0001,MM-APRFM,128,J=64,4.188598323613405
p3,E_f,0.0001,OE-APNN,,,
p3,E_f,0.0001,OE-APRFM,,,
p3,E_rho,0.01,OE-$S_N$-Krylov,2304,12x12x16,0.33280228823423386
p3,E_rho,0.01,MM-APRFM,128,J=64,4.188598323613405
p3,E_rho,0.01,OE-APNN,,,
p3,E_rho,0.01,OE-APRFM,256,J=64,43.344566877931356
p3,E_rho,0.001,OE-$S_N$-Krylov,9216,24x24x16,0.7728756330907345
p3,E_rho,0.001,MM-APRFM,128,J=64,4.188598323613405
p3,E_rho,0.001,OE-APNN,,,
p3,E_rho,0.001,OE-APRFM,512,J=128,59.06231753155589
p3,E_rho,0.0001,OE-$S_N$-Krylov,,,
p3,E_rho,0.0001,MM-APRFM,128,J=64,4.188598323613405
p3,E_rho,0.0001,OE-APNN,,,
p3,E_rho,0.0001,OE-APRFM,,,
