problem,method,budget,seed,epsilon,grid_type,flux_absolute_l2,g_absolute_l2,flux_reference_l2,g_reference_l2,flux_relative_l2,g_relative_l2,g_even_error_l2,g_odd_error_l2,reference_kind,source,sha256,angular_nodes
p1,OE-APNN,2000 steps,23,0.001,endpoint grid,3.2067090339160327,6.676180204336075,0.0,0.0,,,3.181186989260098,5.869534177439565,identically zero,results/requirement_2026_08_20/efficiency_raw/apnn_p1_seed23_steps2000/solution.npz,4d13582565db913c60303cf8bb13cd0e0c5a2b436a6ea4bb86961081ec30890f,128
p1,OE-APNN,500 steps,23,0.001,endpoint grid,4.028417004276566,8.87349272487878,0.0,0.0,,,4.4397310180998595,7.682946155310384,identically zero,results/requirement_2026_08_20/efficiency_raw/apnn_p1_seed23_steps500/solution.npz,01a85f498cf14145743e8099306f505c7bd0627808574ee7d8a19fc11664285c,128
p1,OE-APNN,5000 steps,23,0.001,endpoint grid,0.794550145618022,1.600180998830616,0.0,0.0,,,0.7349503591268576,1.4214173203664893,identically zero,results/requirement_2026_08_20/efficiency_raw/apnn_p1_seed23_steps5000/solution.npz,2ae810140be9f6e1f14a7eeae759261000c8238fbc50830c60fdf04db4ed9f0a,128
p1,OE-APNN,2000 steps,37,0.001,endpoint grid,4.1500966584961505,8.910462400137284,0.0,0.0,,,4.840130264516572,7.481275239340619,identically zero,results/requirement_2026_08_20/efficiency_raw/apnn_p1_seed37_steps2000/solution.npz,b2509ac82eff83181dad4dff5b2be3c7d386e278855df74688f36ebfca5e26bd,128
p1,OE-APNN,500 steps,37,0.001,endpoint grid,6.112239835841355,13.583237800059775,0.0,0.0,,,7.8609059323914705,11.077477468045933,identically zero,results/requirement_2026_08_20/efficiency_raw/apnn_p1_seed37_steps500/solution.npz,7039e6e377666fe5e0a768cbe5c0e5973014b9808b689b4b46146e6f33cf0930,128
p1,OE-APNN,5000 steps,37,0.001,endpoint grid,1.3442076603451851,2.569888144579216,0.0,0.0,,,1.0224681178019552,2.357728572954769,identically zero,results/requirement_2026_08_20/efficiency_raw/apnn_p1_seed37_steps5000/solution.npz,342c6cad6b036446fb1f9a78f9448cd747c4c97441e32b2bb6e77d6712b82299,128
p1,OE-APNN,2000 steps,11,0.001,endpoint grid,1.5898841857129327,3.4869236053149337,0.0,0.0,,,1.6296908371890475,3.082652105652624,identically zero,results/requirement_2026_08_20/efficiency_raw/apnn_p1_steps2000/solution.npz,ea832eca4ceb57b22e8a707a4e23189991ca4f0d0ac72f0dedc17d906bf9f81c,128
p1,OE-APNN,500 steps,11,0.001,endpoint grid,3.7756803783292514,9.53252899427347,0.0,0.0,,,5.454945160749712,7.817460093910149,identically zero,results/requirement_2026_08_20/efficiency_raw/apnn_p1_steps500/solution.npz,aee90d16b055091faff5948d177f5490c067761968859bbaa83ac6173798748d,128
p1,OE-APNN,5000 steps,11,0.001,endpoint grid,1.2376258037691283,2.3840579658634575,0.0,0.0,,,0.7800779288076075,2.2528228535737647,identically zero,results/requirement_2026_08_20/efficiency_raw/apnn_p1_steps5000/solution.npz,1b1310e455ea9df952ace93ff9ed4669c1c0937b4f94b5eeb068cc5923d58186,128
p3,OE-APNN,2000 steps,23,0.001,endpoint grid,81.26166024544617,147.70949875070318,0.0,0.0,,,81.55581486845853,123.1533397124321,identically zero,results/requirement_2026_08_20/efficiency_raw/apnn_p3_seed23_steps2000/solution.npz,bf9d3c73509f5d64c617a8f102771975bf43d1a2dbdb47c7161bf3a6288b19fd,64
p3,OE-APNN,500 steps,23,0.001,endpoint grid,192.35673312247496,323.3880388384875,0.0,0.0,,,160.62430848230886,280.6771369178173,identically zero,results/requirement_2026_08_20/efficiency_raw/apnn_p3_seed23_steps500/solution.npz,acaf758b707d828c83469cc9abfba168c6971a268bd69658e87add73ae48f236,64
p3,OE-APNN,5000 steps,23,0.001,endpoint grid,33.29720525667454,63.08591751230118,0.0,0.0,,,35.746101315144145,51.98123920354649,identically zero,results/requirement_2026_08_20/efficiency_raw/apnn_p3_seed23_steps5000/solution.npz,b77260d456f42e068aaf0864efd725bc314feda731bd9766049ee6f26e5bbe08,64
p3,OE-APNN,2000 steps,37,0.001,endpoint grid,26.752513298039496,53.163182639386505,0.0,0.0,,,32.988644638357414,41.69020644315568,identically zero,results/requirement_2026_08_20/efficiency_raw/apnn_p3_seed37_steps2000/solution.npz,8a8a1d9ecb88a6af4f671ca7b3a0b7a15d388207bd6d16ef00dca6dc15e1b671,64
p3,OE-APNN,500 steps,37,0.001,endpoint grid,102.01031393055165,216.08086072638827,0.0,0.0,,,140.0372633041684,164.56154854198417,identically zero,results/requirement_2026_08_20/efficiency_raw/apnn_p3_seed37_steps500/solution.npz,685b640f85b41f3b58e0b3d5dfc3a558cb67bd4810602826b86798d9eb17d27d,64
p3,OE-APNN,5000 steps,37,0.001,endpoint grid,12.45396737510515,23.250836443581772,0.0,0.0,,,13.367753863792457,19.023789106359754,identically zero,results/requirement_2026_08_20/efficiency_raw/apnn_p3_seed37_steps5000/solution.npz,e712d92fcdfcb2908dbd4e7139a256bebe2129f91eff076d00913bed2a412f77,64
p3,OE-APNN,2000 steps,11,0.001,endpoint grid,71.73017297412693,146.4402466863312,0.0,0.0,,,89.90818400332738,115.59093519293528,identically zero,results/requirement_2026_08_20/efficiency_raw/apnn_p3_steps2000/solution.npz,71d950910010f86759cd8c0ba4b66f61d5e8a2f4a5b807c2c4af98adb0a3b3ca,64
p3,OE-APNN,500 steps,11,0.001,endpoint grid,191.14518183903294,329.9497685741083,0.0,0.0,,,163.17587442545266,286.77601675802066,identically zero,results/requirement_2026_08_20/efficiency_raw/apnn_p3_steps500/solution.npz,09ea4a43114f56be0bf85c7be2e125c6e3d8d9f647c11735d05158ee05902236,64
p3,OE-APNN,5000 steps,11,0.001,endpoint grid,57.17779640742958,110.503805651207,0.0,0.0,,,65.4403174260296,89.04300039071133,identically zero,results/requirement_2026_08_20/efficiency_raw/apnn_p3_steps5000/solution.npz,683fd9fd6285f2424c2909178aa82cdc63a0222f74ade2ef6526f5c23921f659,64
p1,MM-APRFM,J=128,11,0.001,endpoint grid,6.70238544068474e-11,1.1607185072729549e-10,0.0,0.0,,,5.842653414948437e-14,1.1607183602235158e-10,identically zero,results/requirement_2026_08_20/efficiency_raw/mm_p1_J128/p1_mm_aprfm_eps_1e-03_seed_11.npz,917a0f65062470ca0abaee67067c85142cacefc8437cb1fa1719096b0418009b,128
p1,MM-APRFM,J=32,11,0.001,endpoint grid,7.364898219139113e-11,1.2756028358924525e-10,0.0,0.0,,,1.034968192710813e-13,1.2756024160284846e-10,identically zero,results/requirement_2026_08_20/efficiency_raw/mm_p1_J32/p1_mm_aprfm_eps_1e-03_seed_11.npz,a65e50116a33a9b63d7cef715d9c084c5cd15482880992c909e93f0c1bb5d3a1,128
p1,MM-APRFM,J=64,11,0.001,endpoint grid,4.383650784635492e-11,7.59350334507142e-11,0.0,0.0,,,4.485391740673795e-14,7.593502020337638e-11,identically zero,results/requirement_2026_08_20/efficiency_raw/mm_p1_J64/p1_mm_aprfm_eps_1e-03_seed_11.npz,33a7b7a52b22392fddddce37c3610365ca75d805c3596f07afadff7f4b355867,128
p1,MM-APRFM,J=128,23,0.001,endpoint grid,2.799595541428573e-11,4.848528936414437e-11,0.0,0.0,,,7.893040110268004e-14,4.848522511772625e-11,identically zero,results/requirement_2026_08_20/efficiency_raw/mm_p1_seed23_J128/p1_mm_aprfm_eps_1e-03_seed_23.npz,8d7b368e6ae4bb9f1775d09ff44ad07f343fc2e8c8f2c102366fe6f06b745505,128
p1,MM-APRFM,J=32,23,0.001,endpoint grid,2.284578491001679e-11,3.9567672571856484e-11,0.0,0.0,,,4.945256104420566e-14,3.9567641668386686e-11,identically zero,results/requirement_2026_08_20/efficiency_raw/mm_p1_seed23_J32/p1_mm_aprfm_eps_1e-03_seed_23.npz,c7fc5b2c51999b007ad840d41eae817b16e1270becf46269675315fc3f5bc9fd,128
p1,MM-APRFM,J=64,23,0.001,endpoint grid,1.3144243558890227e-11,2.276978500089591e-11,0.0,0.0,,,5.162020514780708e-14,2.2769726488068423e-11,identically zero,results/requirement_2026_08_20/efficiency_raw/mm_p1_seed23_J64/p1_mm_aprfm_eps_1e-03_seed_23.npz,7898b16b311b5959f29c1cd27121bfb499e7ccb3c9a4d432aa7cf0af8ba44e20,128
p1,MM-APRFM,J=128,37,0.001,endpoint grid,3.48208570116075e-11,6.031265387631964e-11,0.0,0.0,,,6.318168066394764e-14,6.031262078271813e-11,identically zero,results/requirement_2026_08_20/efficiency_raw/mm_p1_seed37_J128/p1_mm_aprfm_eps_1e-03_seed_37.npz,70d54525fbb5016052d5ca344de541f0bce5a54ccf21f4942f1c5290b907a43d,128
p1,MM-APRFM,J=32,37,0.001,endpoint grid,1.7485065319817721e-12,3.0335578574446055e-12,0.0,0.0,,,5.588611396914231e-14,3.03304302915889e-12,identically zero,results/requirement_2026_08_20/efficiency_raw/mm_p1_seed37_J32/p1_mm_aprfm_eps_1e-03_seed_37.npz,c36ed3feb00c4566950778282da6c9a4d5f74b204546f16caa9adc88118f28a9,128
p1,MM-APRFM,J=64,37,0.001,endpoint grid,3.495257279801614e-11,6.052981637651203e-11,0.0,0.0,,,4.158902199129296e-14,6.052980208895049e-11,identically zero,results/requirement_2026_08_20/efficiency_raw/mm_p1_seed37_J64/p1_mm_aprfm_eps_1e-03_seed_37.npz,2948c48a0c1830f12c1fbeea5e6b07390dc1f674b65f2902cd615ebef95f23dd,128
p3,MM-APRFM,J=128,11,0.001,endpoint grid,2.4778328325658355e-07,3.512577319654692e-07,0.0,0.0,,,1.9363900531790024e-08,3.5072358577905806e-07,identically zero,results/requirement_2026_08_20/efficiency_raw/mm_p3_J128/p3_mm_aprfm_eps_1e-03_seed_11.npz,bb7d5c985e716b6dc52c12807c03c69378a85747fdfc6282e590662033ff2985,64
p3,MM-APRFM,J=256,11,0.001,endpoint grid,2.535367232024979e-07,3.5863209629036645e-07,0.0,0.0,,,5.828783788917013e-09,3.585847260678635e-07,identically zero,results/requirement_2026_08_20/efficiency_raw/mm_p3_J256/p3_mm_aprfm_eps_1e-03_seed_11.npz,90a78900c9382e9c8640ac2b59b3efd1fea9a8f52a644f04c0112cdd6d78d5ed,64
p3,MM-APRFM,J=64,11,0.001,endpoint grid,2.9398034090233002e-05,4.395916656921484e-05,0.0,0.0,,,1.1711810664710235e-05,4.2370294032658724e-05,identically zero,results/requirement_2026_08_20/efficiency_raw/mm_p3_J64/p3_mm_aprfm_eps_1e-03_seed_11.npz,0da4950be232428adb6f5b4488b7144ffd732d423bff3b8bf9bab91d87835677,64
p3,MM-APRFM,J=128,23,0.001,endpoint grid,2.22401363578711e-07,3.1479339423160856e-07,0.0,0.0,,,1.0393196448023127e-08,3.146217769313652e-07,identically zero,results/requirement_2026_08_20/efficiency_raw/mm_p3_seed23_J128/p3_mm_aprfm_eps_1e-03_seed_23.npz,bb20ba7bdf1030ad365289dfa03234496a84b1f40a76ccda5d0848fab93ba9fa,64
p3,MM-APRFM,J=256,23,0.001,endpoint grid,2.8012781455097584e-07,3.961912486959172e-07,0.0,0.0,,,3.841047557334694e-09,3.9617262890928297e-07,identically zero,results/requirement_2026_08_20/efficiency_raw/mm_p3_seed23_J256/p3_mm_aprfm_eps_1e-03_seed_23.npz,3f4f3479f77fa763aaea412bade10c8776a3103b881a5bea867443c888ec1d80,64
p3,MM-APRFM,J=64,23,0.001,endpoint grid,1.1177570274422001e-05,1.6367994552503105e-05,0.0,0.0,,,3.493474484888717e-06,1.5990837429421978e-05,identically zero,results/requirement_2026_08_20/efficiency_raw/mm_p3_seed23_J64/p3_mm_aprfm_eps_1e-03_seed_23.npz,86cfac2d5fd53770a5fc8216514e918d49c9c470cf107e68042b895ae0f02421,64
p3,MM-APRFM,J=128,37,0.001,endpoint grid,1.2349753049960955e-07,1.747853979705686e-07,0.0,0.0,,,5.4379207207410336e-09,1.7470078523568513e-07,identically zero,results/requirement_2026_08_20/efficiency_raw/mm_p3_seed37_J128/p3_mm_aprfm_eps_1e-03_seed_37.npz,30fe0cfcfe555fe7d423a95611e9a6dfe68bacd43c7a1cf2a822ceee6beafb14,64
p3,MM-APRFM,J=256,37,0.001,endpoint grid,2.4322342324431295e-07,3.439889284950141e-07,0.0,0.0,,,2.76846876205534e-09,3.439777878117444e-07,identically zero,results/requirement_2026_08_20/efficiency_raw/mm_p3_seed37_J256/p3_mm_aprfm_eps_1e-03_seed_37.npz,a809e1ff1c3dc075722ce0fec7fa41972a506d7009d6d7e31979d5b909f7df02,64
p3,MM-APRFM,J=64,37,0.001,endpoint grid,3.082170430429618e-05,4.6205060074802774e-05,0.0,0.0,,,1.2734630698023296e-05,4.441550131993442e-05,identically zero,results/requirement_2026_08_20/efficiency_raw/mm_p3_seed37_J64/p3_mm_aprfm_eps_1e-03_seed_37.npz,3f77d69f8af2f9eeeec23c3fe3ec09609e61786e9b02cc43bc405f649242d6cd,64
p1,OE-APRFM,J=128,11,0.001,endpoint grid,4.5720848900600307e-10,1.488532862016612e-07,0.0,0.0,,,1.4879858761034967e-07,4.034989243945287e-09,identically zero,results/requirement_2026_08_20/efficiency_raw/oe_p1_J128/p1_oe_aprfm_eps_1e-03_seed_11_efficiency.npz,4bdc0ce8b65a77ea1a7a3fadd95b93c149897bed5d7769867c7d31ece5355d24,128
p1,OE-APRFM,J=32,11,0.001,endpoint grid,1.0789573463500962e-05,0.0307441971361484,0.0,0.0,,,0.030742540455785856,0.0003191611986529015,identically zero,results/requirement_2026_08_20/efficiency_raw/oe_p1_J32/p1_oe_aprfm_eps_1e-03_seed_11_efficiency.npz,62eb99e786ac63272ee333e1e44939fca4875819e12ea7b0eeb39969c4a94d40,128
p1,OE-APRFM,J=64,11,0.001,endpoint grid,1.5750421085015516e-07,0.0001758501404104681,0.0,0.0,,,0.00017582571572432584,2.930797231114815e-06,identically zero,results/requirement_2026_08_20/efficiency_raw/oe_p1_J64/p1_oe_aprfm_eps_1e-03_seed_11_efficiency.npz,8a50e5766364683a7e79e2b51713ade105ca56707d4cdee76f2dd1a95ee1804c,128
p1,OE-APRFM,J=128,23,0.001,endpoint grid,6.05936719106275e-13,2.35501291308884e-10,0.0,0.0,,,2.3537102590690335e-10,7.831881746022055e-12,identically zero,results/requirement_2026_08_20/efficiency_raw/oe_p1_seed23_J128/p1_oe_aprfm_eps_1e-03_seed_23_efficiency.npz,f25ee4f4ed33613b25d8e5c0fb3440720736e2795ca866f640ef7ba58af22e46,128
p1,OE-APRFM,J=32,23,0.001,endpoint grid,7.802896766062527e-06,0.027354016465803658,0.0,0.0,,,0.027353653259991974,0.0001409614968271165,identically zero,results/requirement_2026_08_20/efficiency_raw/oe_p1_seed23_J32/p1_oe_aprfm_eps_1e-03_seed_23_efficiency.npz,986c101aac67bf8d514513c548db2e66bf0e5fba88963dcccab77f806c2836e5,128
p1,OE-APRFM,J=64,23,0.001,endpoint grid,1.111396937998743e-09,5.876588291905952e-06,0.0,0.0,,,5.874526486785597e-06,1.5565509506786777e-07,identically zero,results/requirement_2026_08_20/efficiency_raw/oe_p1_seed23_J64/p1_oe_aprfm_eps_1e-03_seed_23_efficiency.npz,8194d75f9ec3c154688419eaa38a4ae4a98b0ccdc92b30ec4979b702655dd668,128
p1,OE-APRFM,J=128,37,0.001,endpoint grid,1.612777998921863e-12,8.608161271746579e-10,0.0,0.0,,,8.606188326685219e-10,1.8429043931990753e-11,identically zero,results/requirement_2026_08_20/efficiency_raw/oe_p1_seed37_J128/p1_oe_aprfm_eps_1e-03_seed_37_efficiency.npz,aca6abae814dce1cb1ae3dae1ee1d57817e34042fa0f306d7192039a1544169d,128
p1,OE-APRFM,J=32,37,0.001,endpoint grid,3.971805312051297e-06,0.0018345028803783798,0.0,0.0,,,0.0018342935270689404,2.7714160091158354e-05,identically zero,results/requirement_2026_08_20/efficiency_raw/oe_p1_seed37_J32/p1_oe_aprfm_eps_1e-03_seed_37_efficiency.npz,c02ac842956a935cdfa0f92c9c7e7dcc9d918e081a6dfb89cd754f6cef617a85,128
p1,OE-APRFM,J=64,37,0.001,endpoint grid,3.967837979950859e-10,1.8127150614379566e-06,0.0,0.0,,,1.8125496094658455e-06,2.4490961378129403e-08,identically zero,results/requirement_2026_08_20/efficiency_raw/oe_p1_seed37_J64/p1_oe_aprfm_eps_1e-03_seed_37_efficiency.npz,aeac3d1910b48c8e19a5d57e783701f4818ff18c4f0fd7b34db149dd08f047b0,128
p3,OE-APRFM,J=128,11,0.001,endpoint grid,0.006679847639716909,6.843405739718132,0.0,0.0,,,6.843353917162645,0.02663236492965312,identically zero,results/requirement_2026_08_20/efficiency_raw_four_component_normalized/oe_p3_seed11_J128/p3_oe_aprfm_eps_1e-03_seed_11_efficiency_four_component.npz,0ac794049dc3dd6d325c56fb64d9e75b672e67a56f6acb063eb0d6d1f670727b,64
p3,OE-APRFM,J=32,11,0.001,endpoint grid,0.06697206530398381,60.323218355460035,0.0,0.0,,,60.322952900582216,0.1789584159830053,identically zero,results/requirement_2026_08_20/efficiency_raw_four_component_normalized/oe_p3_seed11_J32/p3_oe_aprfm_eps_1e-03_seed_11_efficiency_four_component.npz,4348a211c1e89eaf870b56a0cc3a47189975de54c2facf638e748069ba1dce97,64
p3,OE-APRFM,J=64,11,0.001,endpoint grid,0.03974666971430132,28.134165727199022,0.0,0.0,,,28.13400723938969,0.09443420708934822,identically zero,results/requirement_2026_08_20/efficiency_raw_four_component_normalized/oe_p3_seed11_J64/p3_oe_aprfm_eps_1e-03_seed_11_efficiency_four_component.npz,41f6f62e9fd7a04d2b6d735473507aebc0e02249478a55ec80c4c5ea59d6b832,64
p3,OE-APRFM,J=128,23,0.001,endpoint grid,0.004892702639422824,3.800547538456082,0.0,0.0,,,3.800516922818069,0.015254882433378459,identically zero,results/requirement_2026_08_20/efficiency_raw_four_component_normalized/oe_p3_seed23_J128/p3_oe_aprfm_eps_1e-03_seed_23_efficiency_four_component.npz,b868952f1c62d5c0149eafbb5080be4850817b5617fb8b70710574d8f4a3e373,64
p3,OE-APRFM,J=32,23,0.001,endpoint grid,0.2379015915787534,142.42474017113523,0.0,0.0,,,142.4241579402427,0.4072441874100675,identically zero,results/requirement_2026_08_20/efficiency_raw_four_component_normalized/oe_p3_seed23_J32/p3_oe_aprfm_eps_1e-03_seed_23_efficiency_four_component.npz,39ad90a0515a6b87ff8c56b01be3199eac3b3fd64be0d93ffe978dd2961a2cac,64
p3,OE-APRFM,J=64,23,0.001,endpoint grid,0.04080825636701464,30.45241489413046,0.0,0.0,,,30.452234046208662,0.10494988893970764,identically zero,results/requirement_2026_08_20/efficiency_raw_four_component_normalized/oe_p3_seed23_J64/p3_oe_aprfm_eps_1e-03_seed_23_efficiency_four_component.npz,30e9370c9619f0fa821356007ffad01cd84f5e91351bd3a57cd76545feb0759b,64
p3,OE-APRFM,J=128,37,0.001,endpoint grid,0.00494651036272998,3.4709945174145402,0.0,0.0,,,3.4709650616732572,0.014299670113591378,identically zero,results/requirement_2026_08_20/efficiency_raw_four_component_normalized/oe_p3_seed37_J128/p3_oe_aprfm_eps_1e-03_seed_37_efficiency_four_component.npz,c2049f48650962be6053d6fd158c451d631b0089a52eaee3fb44163370396bc8,64
p3,OE-APRFM,J=32,37,0.001,endpoint grid,0.09191998333379853,104.7293923163108,0.0,0.0,,,104.72920329544682,0.19897749799805883,identically zero,results/requirement_2026_08_20/efficiency_raw_four_component_normalized/oe_p3_seed37_J32/p3_oe_aprfm_eps_1e-03_seed_37_efficiency_four_component.npz,1fbd08ee844157316adc36924e7a234f6c827a507a59d7e8d1beb26c99ab3e7b,64
p3,OE-APRFM,J=64,37,0.001,endpoint grid,0.034307228481140636,39.410494734457615,0.0,0.0,,,39.41034792899413,0.10757011824656447,identically zero,results/requirement_2026_08_20/efficiency_raw_four_component_normalized/oe_p3_seed37_J64/p3_oe_aprfm_eps_1e-03_seed_37_efficiency_four_component.npz,b0530207aff61395ebc5d0fe3e8b0a4420bc1ee9d1032c69bf987b20f955435e,64
p3,OE-$S_N$-Krylov,12x12x16,deterministic,0.001,cell centers,0.005660078907503325,0.008019957078445624,0.0,0.0,,,0.0004966647684734585,0.008004563426437902,identically zero,results/requirement_2026_08_20/oe_dsa_si_sweep/p3_oe_dsa_si_N12_A16_eps_1e-03.npz,1f51253c15756d5beb897ca6f00f08b8d4eec715ac552c82f206212cab523a9b,16
p3,OE-$S_N$-Krylov,16x16x16,deterministic,0.001,cell centers,0.002740667464325544,0.0038814383578682243,0.0,0.0,,,0.00020743673213732716,0.0038758913462700376,identically zero,results/requirement_2026_08_20/oe_dsa_si_sweep/p3_oe_dsa_si_N16_A16_eps_1e-03.npz,8d45fcb3e122e39b2f624e994c2b23cfeaea1802141f67da1d1292d8afdeeb78,16
p3,OE-$S_N$-Krylov,24x24x16,deterministic,0.001,cell centers,0.001000497343482785,0.0014162289249421472,0.0,0.0,,,6.091427366925499e-05,0.0014149183082800708,identically zero,results/requirement_2026_08_20/oe_dsa_si_sweep/p3_oe_dsa_si_N24_A16_eps_1e-03.npz,492942d1acd00d42a41777a6d78f8b2bb6e15818024e38a0555ed2473a45451e,16
p3,OE-$S_N$-Krylov,32x32x16,deterministic,0.001,cell centers,0.000501405803986468,0.0007095584413911873,0.0,0.0,,,2.5617381679882987e-05,0.0007090958549486508,identically zero,results/requirement_2026_08_20/oe_dsa_si_sweep/p3_oe_dsa_si_N32_A16_eps_1e-03.npz,0014bafba2dfc08139001b2a1b6f932348e3af0946b6cd5644c80666d55488d3,16
p1,OE-$S_N$-Krylov,128x64,deterministic,0.001,cell centers,6.024935022515324e-12,1.0441441430588818e-11,0.0,0.0,,,1.5603542651529534e-13,1.0440275479798838e-11,identically zero,results/requirement_2026_08_20/oe_sn_krylov_verified_gauss/p1_oe_sn_krylov_N128_A64_eps_1e-03.npz,3696dec91d51dc1c2699cf84623e80c6e89ce17baa810ca98bffc38baaf3945b,64
p1,OE-$S_N$-Krylov,256x128,deterministic,0.001,cell centers,9.677255596879928e-12,1.6783177277428297e-11,0.0,0.0,,,3.9732675535453097e-13,1.677847343994873e-11,identically zero,results/requirement_2026_08_20/oe_sn_krylov_verified_gauss/p1_oe_sn_krylov_N256_A128_eps_1e-03.npz,c18657e780d581f3e6e13d14305803b74c48d725c136edf1868667d0b76751c5,128
p1,OE-$S_N$-Krylov,32x16,deterministic,0.001,cell centers,1.2135083039451956e-11,2.1024655319660378e-11,0.0,0.0,,,1.8776137589264235e-13,2.1023816898371387e-11,identically zero,results/requirement_2026_08_20/oe_sn_krylov_verified_gauss/p1_oe_sn_krylov_N32_A16_eps_1e-03.npz,ac96a46b51d9b34142e8902a20aeee6feea4d7ddb436cb56f2e7fdb1c0a10de8,16
p1,OE-$S_N$-Krylov,64x32,deterministic,0.001,cell centers,9.480721120414593e-11,1.6423842900821515e-10,0.0,0.0,,,1.2732948475811101e-12,1.6423349318369154e-10,identically zero,results/requirement_2026_08_20/oe_sn_krylov_verified_gauss/p1_oe_sn_krylov_N64_A32_eps_1e-03.npz,e79efa756e9dcb2460ad58158d0810c8dd1b9565ee8b145e441a64e0a1132862,32
p6,OE-APRFM,J=64,11,1.0,endpoint grid,7.472616610177723e-06,3.64711351128912e-05,0.05893287188356479,0.10206840028097175,0.00012679878599742376,0.00035732053223616936,3.0518645868658206e-05,1.996887454931292e-05,nonzero,results/requirement_2026_08_20/p6_raw/p6_oe_aprfm_eps_1e+00_seed_11_fixed.npz,50a923d954013e386dc779e1267ef7614cd3d68ad8f265d7d4aa8359b3ddc0b2,128
p6,OE-APRFM,J=64,23,1.0,endpoint grid,2.4726914596779238e-06,6.4637446898884514e-06,0.05893287188356479,0.10206840028097175,4.195776280109486e-05,6.332757907535722e-05,3.905110965701131e-06,5.150738176380346e-06,nonzero,results/requirement_2026_08_20/p6_raw/p6_oe_aprfm_eps_1e+00_seed_23_fixed.npz,b2d990a726bd38bdc8fa57115aac52d4e3c1e86aebe6ad787f2357722da7dc8a,128
p6,OE-APRFM,J=64,37,1.0,endpoint grid,3.698816971008095e-06,2.1180958877775914e-05,0.05893287188356479,0.10206840028097175,6.276322284642676e-05,0.00020751730035416854,1.7712836329162068e-05,1.161414861960836e-05,nonzero,results/requirement_2026_08_20/p6_raw/p6_oe_aprfm_eps_1e+00_seed_37_fixed.npz,35e73452175b02e9b98325b0ce1d0a92cf249b3cc3747d8a692d47f4e3111d72,128
p6,OE-APRFM,J=64,11,0.001,endpoint grid,1.435228471599746e-05,0.008894412437415834,0.05893287188356306,0.10206840028097168,0.00024353614981387746,0.08714168550630251,0.008891637180881318,0.00022217301912342327,nonzero,results/requirement_2026_08_20/p6_raw/p6_oe_aprfm_eps_1e-03_seed_11_fixed.npz,66333b528138c445d698e538c8954d8bbfc20580d5945d917cfb6b94d6247b6d,128
p6,OE-APRFM,J=64,23,0.001,endpoint grid,2.9897291194117095e-06,0.0036281475098386452,0.05893287188356306,0.10206840028097168,5.073109495357163e-05,0.035546236639852874,0.0036266389233008483,0.00010461583602701002,nonzero,results/requirement_2026_08_20/p6_raw/p6_oe_aprfm_eps_1e-03_seed_23_fixed.npz,d70d42af9b245a098e247c7ff0ab4d792e5d16992b0386a28d965197752691ed,128
p6,OE-APRFM,J=64,37,0.001,endpoint grid,9.548350779502663e-06,0.005140910453868697,0.05893287188356306,0.10206840028097168,0.00016202079542921086,0.0503673070187924,0.005139845644769741,0.00010462811590571476,nonzero,results/requirement_2026_08_20/p6_raw/p6_oe_aprfm_eps_1e-03_seed_37_fixed.npz,8809db00962712dd0f707b0555f5395d4cc2e4d9509bcebd99c3b3e19e8e19b8,128
p6,OE-APRFM,J=64,11,1e-06,endpoint grid,1.4281121970592495e-05,8.913055932315412,0.05893287188847894,0.10206840028018754,0.000242328627690455,87.3243423806802,8.913055929516023,0.00022338807197671675,nonzero,results/requirement_2026_08_20/p6_raw/p6_oe_aprfm_eps_1e-06_seed_11_fixed.npz,ec77f8e97c29bc3bb773fa653a9efcb46682075fc3b886e078314a461ab66cb6,128
p6,OE-APRFM,J=64,23,1e-06,endpoint grid,2.8898919571516837e-06,3.650120182278367,0.05893287188847894,0.10206840028018754,4.9037012189399885e-05,35.761510636577405,3.6501201807500374,0.00010562753485189788,nonzero,results/requirement_2026_08_20/p6_raw/p6_oe_aprfm_eps_1e-06_seed_23_fixed.npz,c473b3d6e2270baf66774974d259c1e418f489add33ef49e9299b07b18f7394f,128
p6,OE-APRFM,J=64,37,1e-06,endpoint grid,9.482653539054983e-06,5.143636503974278,0.05893287188847894,0.10206840028018754,0.00016090601450747882,50.39401509041489,5.14363650290184,0.00010503554378849912,nonzero,results/requirement_2026_08_20/p6_raw/p6_oe_aprfm_eps_1e-06_seed_37_fixed.npz,0d89533d652ae9b25f7ce0a721873f70d1a68d4cdecd6c154379850eb3934677,128
