problem,epsilon,method,budget,seeds,flux_absolute_l2_median,flux_absolute_l2_min,flux_absolute_l2_max,g_absolute_l2_median,g_absolute_l2_min,g_absolute_l2_max,flux_relative_l2_median,flux_relative_l2_min,flux_relative_l2_max,g_relative_l2_median,g_relative_l2_min,g_relative_l2_max,g_even_error_l2_median,g_even_error_l2_min,g_even_error_l2_max,g_odd_error_l2_median,g_odd_error_l2_min,g_odd_error_l2_max
p1,0.001,MM-APRFM,J=128,3,3.48208570116075e-11,2.799595541428573e-11,6.70238544068474e-11,6.031265387631964e-11,4.848528936414437e-11,1.1607185072729549e-10,,,,,,,6.318168066394764e-14,5.842653414948437e-14,7.893040110268004e-14,6.031262078271813e-11,4.848522511772625e-11,1.1607183602235158e-10
p1,0.001,MM-APRFM,J=32,3,2.284578491001679e-11,1.7485065319817721e-12,7.364898219139113e-11,3.9567672571856484e-11,3.0335578574446055e-12,1.2756028358924525e-10,,,,,,,5.588611396914231e-14,4.945256104420566e-14,1.034968192710813e-13,3.9567641668386686e-11,3.03304302915889e-12,1.2756024160284846e-10
p1,0.001,MM-APRFM,J=64,3,3.495257279801614e-11,1.3144243558890227e-11,4.383650784635492e-11,6.052981637651203e-11,2.276978500089591e-11,7.59350334507142e-11,,,,,,,4.485391740673795e-14,4.158902199129296e-14,5.162020514780708e-14,6.052980208895049e-11,2.2769726488068423e-11,7.593502020337638e-11
p1,0.001,OE-$S_N$-Krylov,128x64,1,6.024935022515324e-12,6.024935022515324e-12,6.024935022515324e-12,1.0441441430588818e-11,1.0441441430588818e-11,1.0441441430588818e-11,,,,,,,1.5603542651529534e-13,1.5603542651529534e-13,1.5603542651529534e-13,1.0440275479798838e-11,1.0440275479798838e-11,1.0440275479798838e-11
p1,0.001,OE-$S_N$-Krylov,256x128,1,9.677255596879928e-12,9.677255596879928e-12,9.677255596879928e-12,1.6783177277428297e-11,1.6783177277428297e-11,1.6783177277428297e-11,,,,,,,3.9732675535453097e-13,3.9732675535453097e-13,3.9732675535453097e-13,1.677847343994873e-11,1.677847343994873e-11,1.677847343994873e-11
p1,0.001,OE-$S_N$-Krylov,32x16,1,1.2135083039451956e-11,1.2135083039451956e-11,1.2135083039451956e-11,2.1024655319660378e-11,2.1024655319660378e-11,2.1024655319660378e-11,,,,,,,1.8776137589264235e-13,1.8776137589264235e-13,1.8776137589264235e-13,2.1023816898371387e-11,2.1023816898371387e-11,2.1023816898371387e-11
p1,0.001,OE-$S_N$-Krylov,64x32,1,9.480721120414593e-11,9.480721120414593e-11,9.480721120414593e-11,1.6423842900821515e-10,1.6423842900821515e-10,1.6423842900821515e-10,,,,,,,1.2732948475811101e-12,1.2732948475811101e-12,1.2732948475811101e-12,1.6423349318369154e-10,1.6423349318369154e-10,1.6423349318369154e-10
p1,0.001,OE-APNN,2000 steps,3,3.2067090339160327,1.5898841857129327,4.1500966584961505,6.676180204336075,3.4869236053149337,8.910462400137284,,,,,,,3.181186989260098,1.6296908371890475,4.840130264516572,5.869534177439565,3.082652105652624,7.481275239340619
p1,0.001,OE-APNN,500 steps,3,4.028417004276566,3.7756803783292514,6.112239835841355,9.53252899427347,8.87349272487878,13.583237800059775,,,,,,,5.454945160749712,4.4397310180998595,7.8609059323914705,7.817460093910149,7.682946155310384,11.077477468045933
p1,0.001,OE-APNN,5000 steps,3,1.2376258037691283,0.794550145618022,1.3442076603451851,2.3840579658634575,1.600180998830616,2.569888144579216,,,,,,,0.7800779288076075,0.7349503591268576,1.0224681178019552,2.2528228535737647,1.4214173203664893,2.357728572954769
p1,0.001,OE-APRFM,J=128,3,1.612777998921863e-12,6.05936719106275e-13,4.5720848900600307e-10,8.608161271746579e-10,2.35501291308884e-10,1.488532862016612e-07,,,,,,,8.606188326685219e-10,2.3537102590690335e-10,1.4879858761034967e-07,1.8429043931990753e-11,7.831881746022055e-12,4.034989243945287e-09
p1,0.001,OE-APRFM,J=32,3,7.802896766062527e-06,3.971805312051297e-06,1.0789573463500962e-05,0.027354016465803658,0.0018345028803783798,0.0307441971361484,,,,,,,0.027353653259991974,0.0018342935270689404,0.030742540455785856,0.0001409614968271165,2.7714160091158354e-05,0.0003191611986529015
p1,0.001,OE-APRFM,J=64,3,1.111396937998743e-09,3.967837979950859e-10,1.5750421085015516e-07,5.876588291905952e-06,1.8127150614379566e-06,0.0001758501404104681,,,,,,,5.874526486785597e-06,1.8125496094658455e-06,0.00017582571572432584,1.5565509506786777e-07,2.4490961378129403e-08,2.930797231114815e-06
p3,0.001,MM-APRFM,J=128,3,2.22401363578711e-07,1.2349753049960955e-07,2.4778328325658355e-07,3.1479339423160856e-07,1.747853979705686e-07,3.512577319654692e-07,,,,,,,1.0393196448023127e-08,5.4379207207410336e-09,1.9363900531790024e-08,3.146217769313652e-07,1.7470078523568513e-07,3.5072358577905806e-07
p3,0.001,MM-APRFM,J=256,3,2.535367232024979e-07,2.4322342324431295e-07,2.8012781455097584e-07,3.5863209629036645e-07,3.439889284950141e-07,3.961912486959172e-07,,,,,,,3.841047557334694e-09,2.76846876205534e-09,5.828783788917013e-09,3.585847260678635e-07,3.439777878117444e-07,3.9617262890928297e-07
p3,0.001,MM-APRFM,J=64,3,2.9398034090233002e-05,1.1177570274422001e-05,3.082170430429618e-05,4.395916656921484e-05,1.6367994552503105e-05,4.6205060074802774e-05,,,,,,,1.1711810664710235e-05,3.493474484888717e-06,1.2734630698023296e-05,4.2370294032658724e-05,1.5990837429421978e-05,4.441550131993442e-05
p3,0.001,OE-$S_N$-Krylov,12x12x16,1,0.005660078907503325,0.005660078907503325,0.005660078907503325,0.008019957078445624,0.008019957078445624,0.008019957078445624,,,,,,,0.0004966647684734585,0.0004966647684734585,0.0004966647684734585,0.008004563426437902,0.008004563426437902,0.008004563426437902
p3,0.001,OE-$S_N$-Krylov,16x16x16,1,0.002740667464325544,0.002740667464325544,0.002740667464325544,0.0038814383578682243,0.0038814383578682243,0.0038814383578682243,,,,,,,0.00020743673213732716,0.00020743673213732716,0.00020743673213732716,0.0038758913462700376,0.0038758913462700376,0.0038758913462700376
p3,0.001,OE-$S_N$-Krylov,24x24x16,1,0.001000497343482785,0.001000497343482785,0.001000497343482785,0.0014162289249421472,0.0014162289249421472,0.0014162289249421472,,,,,,,6.091427366925499e-05,6.091427366925499e-05,6.091427366925499e-05,0.0014149183082800708,0.0014149183082800708,0.0014149183082800708
p3,0.001,OE-$S_N$-Krylov,32x32x16,1,0.000501405803986468,0.000501405803986468,0.000501405803986468,0.0007095584413911873,0.0007095584413911873,0.0007095584413911873,,,,,,,2.5617381679882987e-05,2.5617381679882987e-05,2.5617381679882987e-05,0.0007090958549486508,0.0007090958549486508,0.0007090958549486508
p3,0.001,OE-APNN,2000 steps,3,71.73017297412693,26.752513298039496,81.26166024544617,146.4402466863312,53.163182639386505,147.70949875070318,,,,,,,81.55581486845853,32.988644638357414,89.90818400332738,115.59093519293528,41.69020644315568,123.1533397124321
p3,0.001,OE-APNN,500 steps,3,191.14518183903294,102.01031393055165,192.35673312247496,323.3880388384875,216.08086072638827,329.9497685741083,,,,,,,160.62430848230886,140.0372633041684,163.17587442545266,280.6771369178173,164.56154854198417,286.77601675802066
p3,0.001,OE-APNN,5000 steps,3,33.29720525667454,12.45396737510515,57.17779640742958,63.08591751230118,23.250836443581772,110.503805651207,,,,,,,35.746101315144145,13.367753863792457,65.4403174260296,51.98123920354649,19.023789106359754,89.04300039071133
p3,0.001,OE-APRFM,J=128,3,0.00494651036272998,0.004892702639422824,0.006679847639716909,3.800547538456082,3.4709945174145402,6.843405739718132,,,,,,,3.800516922818069,3.4709650616732572,6.843353917162645,0.015254882433378459,0.014299670113591378,0.02663236492965312
p3,0.001,OE-APRFM,J=32,3,0.09191998333379853,0.06697206530398381,0.2379015915787534,104.7293923163108,60.323218355460035,142.42474017113523,,,,,,,104.72920329544682,60.322952900582216,142.4241579402427,0.19897749799805883,0.1789584159830053,0.4072441874100675
p3,0.001,OE-APRFM,J=64,3,0.03974666971430132,0.034307228481140636,0.04080825636701464,30.45241489413046,28.134165727199022,39.410494734457615,,,,,,,30.452234046208662,28.13400723938969,39.41034792899413,0.10494988893970764,0.09443420708934822,0.10757011824656447
p6,1e-06,OE-APRFM,J=64,3,9.482653539054983e-06,2.8898919571516837e-06,1.4281121970592495e-05,5.143636503974278,3.650120182278367,8.913055932315412,0.00016090601450747882,4.9037012189399885e-05,0.000242328627690455,50.39401509041489,35.761510636577405,87.3243423806802,5.14363650290184,3.6501201807500374,8.913055929516023,0.00010562753485189788,0.00010503554378849912,0.00022338807197671675
p6,0.001,OE-APRFM,J=64,3,9.548350779502663e-06,2.9897291194117095e-06,1.435228471599746e-05,0.005140910453868697,0.0036281475098386452,0.008894412437415834,0.00016202079542921086,5.073109495357163e-05,0.00024353614981387746,0.0503673070187924,0.035546236639852874,0.08714168550630251,0.005139845644769741,0.0036266389233008483,0.008891637180881318,0.00010462811590571476,0.00010461583602701002,0.00022217301912342327
p6,1.0,OE-APRFM,J=64,3,3.698816971008095e-06,2.4726914596779238e-06,7.472616610177723e-06,2.1180958877775914e-05,6.4637446898884514e-06,3.64711351128912e-05,6.276322284642676e-05,4.195776280109486e-05,0.00012679878599742376,0.00020751730035416854,6.332757907535722e-05,0.00035732053223616936,1.7712836329162068e-05,3.905110965701131e-06,3.0518645868658206e-05,1.161414861960836e-05,5.150738176380346e-06,1.996887454931292e-05
