method,epsilon,seed,N_coef,N_row,E_f,E_rho,flux_absolute_l2,g_absolute_l2,flux_reference_l2,g_reference_l2,flux_relative_l2,g_relative_l2,g_even_error_l2,g_odd_error_l2,source
OE-APRFM,1.0,11,128,2944,3.809559988779868e-05,5.895300853951858e-06,7.472616610177723e-06,3.64711351128912e-05,0.05893287188356479,0.10206840028097175,0.00012679878599742376,0.00035732053223616936,3.0518645868658206e-05,1.996887454931292e-05,results/requirement_2026_08_20/p6_raw/p6_oe_aprfm_eps_1e+00_seed_11_fixed.json
OE-APRFM,1.0,23,128,2944,1.3399465858606233e-05,1.1772400795757346e-05,2.4726914596779238e-06,6.4637446898884514e-06,0.05893287188356479,0.10206840028097175,4.195776280109486e-05,6.332757907535722e-05,3.905110965701131e-06,5.150738176380346e-06,results/requirement_2026_08_20/p6_raw/p6_oe_aprfm_eps_1e+00_seed_23_fixed.json
OE-APRFM,1.0,37,128,2944,2.1729219929667653e-05,4.6642147042432705e-06,3.698816971008095e-06,2.1180958877775914e-05,0.05893287188356479,0.10206840028097175,6.276322284642676e-05,0.00020751730035416854,1.7712836329162068e-05,1.161414861960836e-05,results/requirement_2026_08_20/p6_raw/p6_oe_aprfm_eps_1e+00_seed_37_fixed.json
OE-APRFM,0.001,11,128,2944,2.3939343793489485e-05,2.2016181637824672e-05,1.435228471599746e-05,0.008894412437415834,0.05893287188356306,0.10206840028097168,0.00024353614981387746,0.08714168550630251,0.008891637180881318,0.00022217301912342327,results/requirement_2026_08_20/p6_raw/p6_oe_aprfm_eps_1e-03_seed_11_fixed.json
OE-APRFM,0.001,23,128,2944,1.638403526450836e-05,1.593135376467896e-05,2.9897291194117095e-06,0.0036281475098386452,0.05893287188356306,0.10206840028097168,5.073109495357163e-05,0.035546236639852874,0.0036266389233008483,0.00010461583602701002,results/requirement_2026_08_20/p6_raw/p6_oe_aprfm_eps_1e-03_seed_23_fixed.json
OE-APRFM,0.001,37,128,2944,1.0395528332979643e-05,8.735993676540599e-06,9.548350779502663e-06,0.005140910453868697,0.05893287188356306,0.10206840028097168,0.00016202079542921086,0.0503673070187924,0.005139845644769741,0.00010462811590571476,results/requirement_2026_08_20/p6_raw/p6_oe_aprfm_eps_1e-03_seed_37_fixed.json
OE-APRFM,1e-06,11,128,2944,2.3801781247874964e-05,2.1857670276814847e-05,1.4281121970592495e-05,8.913055932315412,0.05893287188847894,0.10206840028018754,0.000242328627690455,87.3243423806802,8.913055929516023,0.00022338807197671675,results/requirement_2026_08_20/p6_raw/p6_oe_aprfm_eps_1e-06_seed_11_fixed.json
OE-APRFM,1e-06,23,128,2944,1.636467113462058e-05,1.5905460435718054e-05,2.8898919571516837e-06,3.650120182278367,0.05893287188847894,0.10206840028018754,4.9037012189399885e-05,35.761510636577405,3.6501201807500374,0.00010562753485189788,results/requirement_2026_08_20/p6_raw/p6_oe_aprfm_eps_1e-06_seed_23_fixed.json
OE-APRFM,1e-06,37,128,2944,1.0356946539109754e-05,8.689097467095602e-06,9.482653539054983e-06,5.143636503974278,0.05893287188847894,0.10206840028018754,0.00016090601450747882,50.39401509041489,5.14363650290184,0.00010503554378849912,results/requirement_2026_08_20/p6_raw/p6_oe_aprfm_eps_1e-06_seed_37_fixed.json
MM-APRFM,1.0,11,128,3008,2.6073291371936133e-05,3.4276470562597922e-06,4.021485976030724e-07,2.4519736316924764e-05,0.05893287188356479,0.10206840028097174,6.82384185175309e-06,0.0002402284766825712,1.8318457349438428e-05,1.629882171779066e-05,results/p6_mm_comparison/mm/p6_mm_aprfm_eps_1e+00_seed_11.json
MM-APRFM,1.0,23,128,3008,1.5791423831309304e-05,2.857448772295077e-06,1.411063084236716e-06,1.435333791280787e-05,0.05893287188356479,0.10206840028097174,2.3943565605025836e-05,0.00014062469749007825,1.2148929264620398e-05,7.643417230695824e-06,results/p6_mm_comparison/mm/p6_mm_aprfm_eps_1e+00_seed_23.json
MM-APRFM,1.0,37,128,3008,8.489324905030553e-06,3.659318065110215e-06,3.782679593580803e-07,7.386453638470285e-06,0.05893287188356479,0.10206840028097174,6.418624229028481e-06,7.236768302566721e-05,5.453189635331691e-06,4.982210368338729e-06,results/p6_mm_comparison/mm/p6_mm_aprfm_eps_1e+00_seed_37.json
MM-APRFM,0.001,11,128,3008,8.087457889706562e-07,8.085629621926171e-07,1.1080545035713556e-07,1.204781432640835e-05,0.058932871883565156,0.10206840028097168,1.8801977031775422e-06,0.00011803667240050189,8.873708909361968e-06,8.149056401542468e-06,results/p6_mm_comparison/mm/p6_mm_aprfm_eps_1e-03_seed_11.json
MM-APRFM,0.001,23,128,3008,1.7822096561251972e-07,1.7808877771458324e-07,1.969608437199164e-07,8.616834516836951e-06,0.058932871883565156,0.10206840028097168,3.3421219333932316e-06,8.44221570350541e-05,6.383991176067919e-06,5.7874427646793776e-06,results/p6_mm_comparison/mm/p6_mm_aprfm_eps_1e-03_seed_23.json
MM-APRFM,0.001,37,128,3008,4.81956138090656e-07,4.820157028784393e-07,4.4426426462053776e-07,8.609570165574078e-06,0.058932871883565156,0.10206840028097168,7.538479806283316e-06,8.435098563192761e-05,6.177778716025228e-06,5.996644776186843e-06,results/p6_mm_comparison/mm/p6_mm_aprfm_eps_1e-03_seed_37.json
MM-APRFM,1e-06,11,128,3008,7.876412393233839e-07,7.876411574013548e-07,9.904720959224923e-08,1.206212966412009e-05,0.05893287187703928,0.10206840028018754,1.6806784810844899e-06,0.00011817692479757092,8.897333473148861e-06,8.144472303447945e-06,results/p6_mm_comparison/mm/p6_mm_aprfm_eps_1e-06_seed_11.json
MM-APRFM,1e-06,23,128,3008,1.776589769216504e-07,1.7765909062593093e-07,2.047476728103306e-07,8.698189601195914e-06,0.05893287187703928,0.10206840028018754,3.4742524212552746e-06,8.521922139779354e-05,6.439978938240719e-06,5.8468088401596195e-06,results/p6_mm_comparison/mm/p6_mm_aprfm_eps_1e-06_seed_23.json
MM-APRFM,1e-06,37,128,3008,4.85325450676939e-07,4.853256090733943e-07,4.457891556295797e-07,8.625806741077595e-06,0.05893287187703928,0.10206840028018754,7.564354857161861e-06,8.451006107080084e-05,6.177992246005021e-06,6.019713759201639e-06,results/p6_mm_comparison/mm/p6_mm_aprfm_eps_1e-06_seed_37.json
