seed,epsilon,t,reference,metric,ratio,passed
11,1,0.02,ct,Ef,5.884824001549239e-13,True
11,1,0.02,ct,Erho,2.34572193269566e-13,True
11,1,0.02,ct,Eq,8.801357995403857e-12,True
11,1,0.02,be,Ef,1.1960111824555338e-08,True
11,1,0.02,be,Erho,1.3290310776947906e-07,True
11,1,0.02,be,Eq,4.8557569089821434e-08,True
11,1,0.1,ct,Ef,1.4976305642153936e-13,True
11,1,0.1,ct,Erho,1.0016635933821097e-12,True
11,1,0.1,ct,Eq,4.000846611064418e-12,True
11,1,0.1,be,Ef,1.5037456126450488e-09,True
11,1,0.1,be,Erho,1.9548172257359175e-08,True
11,1,0.1,be,Eq,4.111461217783002e-08,True
11,1,0.2,ct,Ef,1.4108963755285555e-13,True
11,1,0.2,ct,Erho,2.2796134073025207e-12,True
11,1,0.2,ct,Eq,2.143368264732681e-12,True
11,1,0.2,be,Ef,7.40288350298256e-10,True
11,1,0.2,be,Erho,1.9100119241637245e-08,True
11,1,0.2,be,Eq,4.339081367179853e-08,True
11,0.001,0.02,ct,Ef,1.43840752946411e-10,True
11,0.001,0.02,ct,Erho,1.4384301283335316e-10,True
11,0.001,0.02,ct,Eq,1.477532748795974e-10,True
11,0.001,0.02,be,Ef,4.731904346608243e-06,True
11,0.001,0.02,be,Erho,4.73164697873371e-06,True
11,0.001,0.02,be,Eq,1.0112355605855124e-06,True
11,0.001,0.1,ct,Ef,5.802477823229336e-11,True
11,0.001,0.1,ct,Erho,5.8028218924733264e-11,True
11,0.001,0.1,ct,Eq,5.879373619820045e-11,True
11,0.001,0.1,be,Ef,2.286276350707473e-05,True
11,0.001,0.1,be,Erho,2.286595298853664e-05,True
11,0.001,0.1,be,Eq,5.0081200801213014e-06,True
11,0.001,0.2,ct,Ef,5.753107233665667e-11,True
11,0.001,0.2,ct,Erho,5.751538702667052e-11,True
11,0.001,0.2,ct,Eq,5.7905015524431734e-11,True
11,0.001,0.2,be,Ef,3.366881894921802e-05,True
11,0.001,0.2,be,Erho,3.3674506478449576e-05,True
11,0.001,0.2,be,Eq,9.992081453383301e-06,True
23,1,0.02,ct,Ef,5.884821479625363e-13,True
23,1,0.02,ct,Erho,2.3457234470588436e-13,True
23,1,0.02,ct,Eq,8.801357579609072e-12,True
23,1,0.02,be,Ef,1.4038974802169645e-08,True
23,1,0.02,be,Erho,1.199127391227213e-07,True
23,1,0.02,be,Eq,4.006690459245096e-08,True
23,1,0.1,ct,Ef,1.4976286703940524e-13,True
23,1,0.1,ct,Erho,1.0016659241724332e-12,True
23,1,0.1,ct,Eq,4.000845172772512e-12,True
23,1,0.1,be,Ef,1.7067655046340748e-09,True
23,1,0.1,be,Erho,1.8740193536528162e-08,True
23,1,0.1,be,Eq,3.45766537527181e-08,True
23,1,0.2,ct,Ef,1.4108945010615942e-13,True
23,1,0.2,ct,Erho,2.2796216832798595e-12,True
23,1,0.2,ct,Eq,2.1433657864981187e-12,True
23,1,0.2,be,Ef,7.775361088680439e-10,True
23,1,0.2,be,Erho,1.6227704634846025e-08,True
23,1,0.2,be,Eq,4.646324763764585e-08,True
23,0.001,0.02,ct,Ef,1.4384132728044387e-10,True
23,0.001,0.02,ct,Erho,1.4384358717671191e-10,True
23,0.001,0.02,ct,Eq,1.4775384037633748e-10,True
23,0.001,0.02,be,Ef,2.5762116494626174e-06,True
23,0.001,0.02,be,Erho,2.576038632499362e-06,True
23,0.001,0.02,be,Eq,5.420361009956947e-07,True
23,0.001,0.1,ct,Ef,5.802502521040916e-11,True
23,0.001,0.1,ct,Erho,5.802846591749965e-11,True
23,0.001,0.1,ct,Eq,5.879398603130655e-11,True
23,0.001,0.1,be,Ef,1.2714453747376961e-05,True
23,0.001,0.1,be,Erho,1.2716154906754065e-05,True
23,0.001,0.1,be,Eq,2.685537191617197e-06,True
23,0.001,0.2,ct,Ef,5.753132098910108e-11,True
23,0.001,0.2,ct,Erho,5.7515635611322215e-11,True
23,0.001,0.2,ct,Eq,5.790526568170948e-11,True
23,0.001,0.2,be,Ef,2.2907923470283742e-05,True
23,0.001,0.2,be,Erho,2.2912648301621835e-05,True
23,0.001,0.2,be,Eq,5.363687750367035e-06,True
37,1,0.02,ct,Ef,5.884824713338837e-13,True
37,1,0.02,ct,Erho,2.3457233476641356e-13,True
37,1,0.02,ct,Eq,8.801358424749598e-12,True
37,1,0.02,be,Ef,1.2382262581548304e-08,True
37,1,0.02,be,Erho,1.6534536190900539e-07,True
37,1,0.02,be,Eq,4.597982900156913e-08,True
37,1,0.1,ct,Ef,1.4976310390135334e-13,True
37,1,0.1,ct,Erho,1.0016656694572372e-12,True
37,1,0.1,ct,Eq,4.000847367960521e-12,True
37,1,0.1,be,Ef,1.745760630899617e-09,True
37,1,0.1,be,Erho,3.716222839183029e-08,True
37,1,0.1,be,Eq,6.135612902549502e-08,True
37,1,0.2,ct,Ef,1.4108968609355913e-13,True
37,1,0.2,ct,Erho,2.279619723562182e-12,True
37,1,0.2,ct,Eq,2.1433685703605095e-12,True
37,1,0.2,be,Ef,8.535899153555842e-10,True
37,1,0.2,be,Erho,3.63688068364501e-08,True
37,1,0.2,be,Eq,5.434987454914218e-08,True
37,0.001,0.02,ct,Ef,1.4384122651662425e-10,True
37,0.001,0.02,ct,Erho,1.4384348641102662e-10,True
37,0.001,0.02,ct,Eq,1.477537593543461e-10,True
37,0.001,0.02,be,Ef,4.784743169235685e-06,True
37,0.001,0.02,be,Erho,4.784559863828073e-06,True
37,0.001,0.02,be,Eq,9.418672252657792e-07,True
37,0.001,0.1,ct,Ef,5.802497418061287e-11,True
37,0.001,0.1,ct,Erho,5.802841488467299e-11,True
37,0.001,0.1,ct,Eq,5.879393468564076e-11,True
37,0.001,0.1,be,Ef,2.3718980586719173e-05,True
37,0.001,0.1,be,Erho,2.3722840379712434e-05,True
37,0.001,0.1,be,Eq,4.677280829564966e-06,True
37,0.001,0.2,ct,Ef,5.753126873024936e-11,True
37,0.001,0.2,ct,Erho,5.751558336671694e-11,True
37,0.001,0.2,ct,Eq,5.790521317092133e-11,True
37,0.001,0.2,be,Ef,4.230739186733917e-05,True
37,0.001,0.2,be,Erho,4.231698900163804e-05,True
37,0.001,0.2,be,Eq,9.341624693158278e-06,True
