method,epsilon,seed,t,reference,Ef,Erho,Eq,Erho_macro,D0,rank,Nrow,max_mass_drift
MM,1,11,0.02,ct,4.995374431622384e-05,3.587413847857331e-05,0.0014864649707781788,3.5874137604900275e-05,1.0782739449620863e-10,142,4417,4.2845216263742714e-10
MM,1,11,0.02,be,6.972054574891789e-09,8.059025971418297e-10,2.662119305314699e-07,8.661697634306753e-10,1.0782739449620863e-10,142,4417,4.2845216263742714e-10
MM,1,11,0.1,ct,0.00023884379135276715,0.00014640330405875054,0.003186705175175497,0.00014640328254564213,2.3552865836777163e-09,142,4417,4.2845216263742714e-10
MM,1,11,0.1,be,4.72617566653838e-08,1.8150544187720516e-08,2.783856801551912e-07,1.81917091421221e-08,2.3552865836777163e-09,142,4417,4.2845216263742714e-10
MM,1,11,0.2,ct,0.0004430158167238404,0.00016525258688424932,0.0049561247453093924,0.00016525253451037456,5.729784515799739e-09,142,4417,4.2845216263742714e-10
MM,1,11,0.2,be,9.711447433691599e-08,4.295972490096907e-08,1.8029179922778015e-07,4.324731975246701e-08,5.729784515799739e-09,142,4417,4.2845216263742714e-10
MM,0.001,11,0.02,ct,0.00036845342397730826,0.000368451027945695,0.003409664844970208,0.0003684510278727597,1.415098444869448e-08,143,4417,2.6411020037642174e-09
MM,0.001,11,0.02,be,2.8901170198844875e-08,2.8896347103958465e-08,1.2600955866729345e-06,2.8898764200817377e-08,1.415098444869448e-08,143,4417,2.6411020037642174e-09
MM,0.001,11,0.1,ct,0.0006506456188099692,0.0006506413438591392,0.017164979967054513,0.0006506413438331173,5.007165374041339e-09,143,4417,2.6411020037642174e-09
MM,0.001,11,0.1,be,1.065533670143345e-08,1.0653672229668188e-08,1.2642851071876392e-06,1.0654500681568412e-08,5.007165374041339e-09,143,4417,2.6411020037642174e-09
MM,0.001,11,0.2,ct,0.00035226179905038313,0.00035225948148681646,0.034624596823738904,0.000352259481479717,1.3660680148774728e-09,143,4417,2.6411020037642174e-09
MM,0.001,11,0.2,be,3.9506383912085e-09,3.9503029135843906e-09,1.2660396141349668e-06,3.950466080457506e-09,1.3660680148774728e-09,143,4417,2.6411020037642174e-09
MM,1,23,0.02,ct,4.995376572376202e-05,3.587411531877815e-05,0.0014864650410019342,3.587411794078194e-05,2.7589437890301084e-10,141,4417,4.1964542951689054e-11
MM,1,23,0.02,be,5.939646842996079e-09,8.932075149248993e-10,3.2262547708145405e-07,8.676634432628208e-10,2.7589437890301084e-10,141,4417,4.1964542951689054e-11
MM,1,23,0.1,ct,0.00023884409338188704,0.00014640296339087295,0.0031867063207865016,0.0001464029725491054,7.970068563548069e-10,141,4417,4.1964542951689054e-11
MM,1,23,0.1,be,4.163996696588141e-08,1.893310032549977e-08,3.310244929222614e-07,1.9066818015999373e-08,7.970068563548069e-10,141,4417,4.1964542951689054e-11
MM,1,23,0.2,ct,0.0004430164052997482,0.0001652519869484467,0.004956130475754338,0.00016525200126497446,1.2327182734293792e-09,141,4417,4.1964542951689054e-11
MM,1,23,0.2,be,9.246221902365542e-08,5.0563889758905975e-08,1.6836980333048213e-07,5.075302131107655e-08,1.2327182734293792e-09,141,4417,4.1964542951689054e-11
MM,0.001,23,0.02,ct,0.0003684519528052542,0.00036844955678243306,0.003409651795195328,0.00036844955704351106,3.749672363523987e-08,141,4417,2.49096709925567e-09
MM,0.001,23,0.02,be,5.3084758356133326e-08,5.307657724768983e-08,2.3508645727467074e-06,5.3082134821045614e-08,3.749672363523987e-08,141,4417,2.49096709925567e-09
MM,0.001,23,0.1,ct,0.000650642849397489,0.0006506385744647927,0.017164907027957324,0.0006506385745572716,1.3247805535670003e-08,141,4417,2.49096709925567e-09
MM,0.001,23,0.1,be,1.916011870689957e-08,1.9157235040403756e-08,2.3577002217913284e-06,1.915917015205017e-08,1.3247805535670003e-08,141,4417,2.49096709925567e-09
MM,0.001,23,0.2,ct,0.0003522602765621819,0.0003522579590086315,0.034624447241576,0.0003522579590338699,3.614308506656514e-09,141,4417,2.49096709925567e-09
MM,0.001,23,0.2,be,5.80643325877941e-09,5.805723515859136e-09,2.3585211400087363e-06,5.806191861014484e-09,3.614308506656514e-09,141,4417,2.49096709925567e-09
MM,1,37,0.02,ct,4.995373827414828e-05,3.587411683886244e-05,0.0014864648982658036,3.587412265714451e-05,7.688664434765507e-10,145,4417,6.508171779273653e-11
MM,1,37,0.02,be,6.73435503515074e-09,6.47777225094393e-10,2.8113641329278223e-07,7.355612554299488e-10,7.688664434765507e-10,145,4417,6.508171779273653e-11
MM,1,37,0.1,ct,0.0002388437156314547,0.00014640300061992116,0.0031867045723020285,0.0001464030314450103,3.342325975555299e-09,145,4417,6.508171779273653e-11
MM,1,37,0.1,be,4.070985332900165e-08,9.547596570510585e-09,1.865456549693044e-07,1.015165365278407e-08,3.342325975555299e-09,145,4417,6.508171779273653e-11
MM,1,37,0.2,ct,0.00044301566430802574,0.0001652521290104041,0.004956124038604225,0.0001652521895803966,6.579207062529296e-09,145,4417,6.508171779273653e-11
MM,1,37,0.2,be,8.422394958474779e-08,2.2561528396748832e-08,1.4393791948447823e-07,2.3700882719639606e-08,6.579207062529296e-09,145,4417,6.508171779273653e-11
MM,0.001,37,0.02,ct,0.0003684522109136353,0.0003684498148898595,0.0034096536649059843,0.000368449814775703,2.1404599244697892e-08,147,4417,1.4027070616151605e-09
MM,0.001,37,0.02,be,2.8582009117079604e-08,2.8576779758690628e-08,1.3529013780269953e-06,2.8570725815332693e-08,2.1404599244697892e-08,147,4417,1.4027070616151605e-09
MM,0.001,37,0.1,ct,0.0006506434216023461,0.0006506391466659403,0.017164922018339992,0.0006506391466254815,7.572235358163166e-09,147,4417,1.4027070616151605e-09
MM,0.001,37,0.1,be,1.0270696171045817e-08,1.0268853326990353e-08,1.353712095344431e-06,1.026672873484017e-08,7.572235358163166e-09,147,4417,1.4027070616151605e-09
MM,0.001,37,0.2,ct,0.00035226059653978655,0.00035225827898413976,0.034624478640424464,0.00035225827897309624,2.0658821611638092e-09,147,4417,1.4027070616151605e-09
MM,0.001,37,0.2,be,3.1439737326401758e-09,3.1435247212458e-09,1.3541938756019143e-06,3.1430108682266776e-09,2.0658821611638092e-09,147,4417,1.4027070616151605e-09
OE,1.0,11,0.02,ct,4.9953748096094086e-05,3.587411491977462e-05,0.0014864649087166057,,,202,4288,1.2380430014502508e-10
OE,1.0,11,0.02,be,5.849138061435586e-10,5.371215222206489e-10,2.0129832324407963e-08,,,202,4288,1.2380430014502508e-10
OE,1.0,11,0.1,ct,0.00023884387470904928,0.0001464029395842216,0.0031867054491172783,,,202,4288,1.2380430014502508e-10
OE,1.0,11,0.1,be,2.8441657384765403e-09,2.0032863470146072e-09,3.254546481822068e-08,,,202,4288,1.2380430014502508e-10
OE,1.0,11,0.2,ct,0.0004430159540600106,0.00016525180952635876,0.004956127120235547,,,202,4288,1.2380430014502508e-10
OE,1.0,11,0.2,be,1.0659826599483222e-08,5.664725297168934e-09,7.257886977461367e-08,,,202,4288,1.2380430014502508e-10
OE,0.001,11,0.02,ct,0.0003684525964802504,0.0003684502004543585,0.003409656973285286,,,197,4288,1.330786592035338e-10
OE,0.001,11,0.02,be,6.219841603044145e-10,6.202069573941795e-10,3.407818549676236e-08,,,197,4288,1.330786592035338e-10
OE,0.001,11,0.1,ct,0.0006506440895364047,0.000650639814595636,0.017164939586542718,,,197,4288,1.330786592035338e-10
OE,0.001,11,0.1,be,2.5442909105953125e-10,2.5388083638812084e-10,3.412808402484999e-08,,,197,4288,1.330786592035338e-10
OE,0.001,11,0.2,ct,0.00035226096001849386,0.0003522586424604491,0.03462451434073848,,,197,4288,1.330786592035338e-10
OE,0.001,11,0.2,be,1.5097948970110843e-10,1.5091102722756525e-10,3.4206813052166397e-08,,,197,4288,1.330786592035338e-10
OE,1.0,23,0.02,ct,4.99537505078125e-05,3.5874118659292863e-05,0.001486464920164888,,,198,4288,3.734457187931639e-11
OE,1.0,23,0.02,be,7.97727729224753e-10,7.561001049076408e-10,2.1992283618948558e-08,,,198,4288,3.734457187931639e-11
OE,1.0,23,0.1,ct,0.00023884389610560712,0.00014640297651882035,0.0031867055312855283,,,198,4288,3.734457187931639e-11
OE,1.0,23,0.1,be,2.332738276356539e-09,1.4467011470967565e-09,2.7956357379663778e-08,,,198,4288,3.734457187931639e-11
OE,1.0,23,0.2,ct,0.00044301603993418575,0.00016525199014027703,0.004956127493904092,,,198,4288,3.734457187931639e-11
OE,1.0,23,0.2,be,5.193183132626906e-09,6.748432381969609e-10,2.991012334393462e-08,,,198,4288,3.734457187931639e-11
OE,0.001,23,0.02,ct,0.00036845254632403345,0.0003684501502984699,0.0034096565096484875,,,194,4288,2.9710178761632733e-10
OE,0.001,23,0.02,be,7.565777930468519e-10,7.540429086106663e-10,4.4605166446518614e-08,,,194,4288,2.9710178761632733e-10
OE,0.001,23,0.1,ct,0.0006506440016331113,0.0006506397266929272,0.017164937267950525,,,194,4288,2.9710178761632733e-10
OE,0.001,23,0.1,be,3.898744067559242e-10,3.8925667872790407e-10,4.4834954133740046e-08,,,194,4288,2.9710178761632733e-10
OE,0.001,23,0.2,ct,0.00035226091208408574,0.00035225859452636373,0.03462450962956881,,,194,4288,2.9710178761632733e-10
OE,0.001,23,0.2,be,3.180451147448527e-10,3.1799008131324383e-10,4.5367848797950145e-08,,,194,4288,2.9710178761632733e-10
OE,1.0,37,0.02,ct,4.9953733783493434e-05,3.587409784179218e-05,0.0014864646667556007,,,192,4288,5.009792580779049e-11
OE,1.0,37,0.02,be,4.017228121792555e-09,3.6656758601482257e-09,1.232902563027299e-07,,,192,4288,5.009792580779049e-11
OE,1.0,37,0.1,ct,0.0002388438902749128,0.00014640296662687242,0.0031867054710953465,,,192,4288,5.009792580779049e-11
OE,1.0,37,0.1,be,4.733350855170505e-09,1.4671708619231924e-09,4.9355688968134963e-08,,,192,4288,5.009792580779049e-11
OE,1.0,37,0.2,ct,0.00044301606618497413,0.0001652520151355035,0.004956127698600249,,,192,4288,5.009792580779049e-11
OE,1.0,37,0.2,be,7.2583226801688195e-09,3.579454671769122e-09,3.365209303843782e-08,,,192,4288,5.009792580779049e-11
OE,0.001,37,0.02,ct,0.0003684524192349689,0.0003684500232098627,0.0034096553430273133,,,189,4288,7.233960097607905e-10
OE,0.001,37,0.02,be,3.977041991157152e-09,3.942559506395076e-09,2.0536038085698626e-07,,,189,4288,7.233960097607905e-10
OE,0.001,37,0.1,ct,0.0006506437790857029,0.0006506395041469517,0.01716493140183978,,,189,4288,7.233960097607905e-10
OE,0.001,37,0.1,be,1.5725040219356792e-09,1.5614934365435178e-09,2.057139039771183e-07,,,189,4288,7.233960097607905e-10
OE,0.001,37,0.2,ct,0.00035226079079072724,0.0003522584732338057,0.034624497711867895,,,189,4288,7.233960097607905e-10
OE,0.001,37,0.2,be,8.459399806478342e-10,8.444211448565481e-10,2.0628192790554026e-07,,,189,4288,7.233960097607905e-10
