method,seed,Nang_positive,Ncoef,Nrow,Ef,Erho,EF,cost_seconds,reference_delta_Ef,reference_delta_Erho,reference_delta_EF,acceptance_delta_Ef,acceptance_method_error_Ef,reference_ratio_Ef,reference_pass_Ef,acceptance_delta_Erho,acceptance_method_error_Erho,reference_ratio_Erho,reference_pass_Erho,acceptance_delta_EF,acceptance_method_error_EF,reference_ratio_EF,reference_pass_EF,reference_acceptance_scope,main_grid_reference_ratio_Ef,main_grid_reference_pass_Ef,main_grid_reference_status,density_definition,D0_status,Rtr_status
mm,11,16,1152,12352,0.0013928753375834183,0.0009241704459103294,0.002820227003449744,66.17988933995366,0.0003446871035025046,3.158753174219663e-05,2.3929385456600567e-06,9.205311663864054e-05,0.0013584116443958643,0.0677652587994267,True,3.15875697853692e-05,0.0009221151506698991,0.034255558823018395,True,2.3929442718286428e-06,0.002820222057278046,0.0008484949848730023,True,common_coarse_grid_only,0.24746443145480818,False,"interpolated refinement diagnostic, not rigorous certification",physical: angular mean of reconstructed f,unavailable: separate macro/g and coefficients not archived,unavailable: exact field derivative not archived
mm,11,32,1152,24448,0.0011378279012820962,0.0007974290980349758,0.0004281561859861064,162.37216033786535,0.0003446871035025046,3.158753174219663e-05,2.3929385456600567e-06,9.205311663864054e-05,0.0011226673020634417,0.08199500998154005,True,3.15875697853692e-05,0.0007948898758367835,0.039738296769872485,True,2.3929442718286428e-06,0.0004281470388738809,0.005589071170788901,True,common_coarse_grid_only,0.30293430413695577,False,"interpolated refinement diagnostic, not rigorous certification",physical: angular mean of reconstructed f,unavailable: separate macro/g and coefficients not archived,unavailable: exact field derivative not archived
mm,11,64,1152,48640,0.0013274347893718632,0.001160392079619374,0.0014187583258250137,323.25539895147085,0.0003446871035025046,3.158753174219663e-05,2.3929385456600567e-06,9.205311663864054e-05,0.0013154552724817076,0.06997814259771466,True,3.15875697853692e-05,0.0011585767511388737,0.02726411500517235,True,2.3929442718286428e-06,0.0014187564173638936,0.0016866491263347581,True,common_coarse_grid_only,0.2596640575207534,False,"interpolated refinement diagnostic, not rigorous certification",physical: angular mean of reconstructed f,unavailable: separate macro/g and coefficients not archived,unavailable: exact field derivative not archived
mm,11,8,1152,6304,0.1529143378012418,0.09028186565736465,0.6681817541447056,65.58253687247634,0.0003446871035025046,3.158753174219663e-05,2.3929385456600567e-06,9.205311663864054e-05,0.15022259631336124,0.0006127780966228252,True,3.15875697853692e-05,0.09027750596487191,0.00034989413417845536,True,2.3929442718286428e-06,0.668181753859758,3.5812774862614526e-06,True,common_coarse_grid_only,0.002254118929975875,True,"interpolated refinement diagnostic, not rigorous certification",physical: angular mean of reconstructed f,unavailable: separate macro/g and coefficients not archived,unavailable: exact field derivative not archived
mm,23,16,1152,12352,0.0012786211065813579,0.0007903863904265439,0.0017070349965442623,130.68638268485665,0.0003446871035025046,3.158753174219663e-05,2.3929385456600567e-06,9.205311663864054e-05,0.0012508120908523931,0.07359468085722527,True,3.15875697853692e-05,0.0007879161246582224,0.04009001567149177,True,2.3929442718286428e-06,0.0017070286495696422,0.0014018184594804114,True,common_coarse_grid_only,0.2695772044809213,False,"interpolated refinement diagnostic, not rigorous certification",physical: angular mean of reconstructed f,unavailable: separate macro/g and coefficients not archived,unavailable: exact field derivative not archived
mm,23,32,1152,24448,0.001070804894885877,0.000683796409584629,0.0006666538463907587,186.41633202508092,0.0003446871035025046,3.158753174219663e-05,2.3929385456600567e-06,9.205311663864054e-05,0.0010547826453387193,0.08727211909054475,True,3.15875697853692e-05,0.0006809084619903057,0.046390332252647076,True,2.3929442718286428e-06,0.0006666459743415438,0.003589527821258037,True,common_coarse_grid_only,0.3218953379357126,False,"interpolated refinement diagnostic, not rigorous certification",physical: angular mean of reconstructed f,unavailable: separate macro/g and coefficients not archived,unavailable: exact field derivative not archived
mm,23,64,1152,48640,0.0012103182620603404,0.0010101108548257497,0.0010292923394182405,310.4369723238051,0.0003446871035025046,3.158753174219663e-05,2.3929385456600567e-06,9.205311663864054e-05,0.001197143265371072,0.0768939852909813,True,3.15875697853692e-05,0.0010080694975530139,0.03133471438432053,True,2.3929442718286428e-06,0.0010292892228169835,0.002324851187384995,True,common_coarse_grid_only,0.2847904673566929,False,"interpolated refinement diagnostic, not rigorous certification",physical: angular mean of reconstructed f,unavailable: separate macro/g and coefficients not archived,unavailable: exact field derivative not archived
mm,23,8,1152,6304,0.15854787496636424,0.09361461667387316,0.7776315404425622,100.23916970565915,0.0003446871035025046,3.158753174219663e-05,2.3929385456600567e-06,9.205311663864054e-05,0.1562033170336234,0.0005893160170140672,True,3.15875697853692e-05,0.09360998560599783,0.0003374380369880679,True,2.3929442718286428e-06,0.7776315398745377,3.0772212148374513e-06,True,common_coarse_grid_only,0.0021740253760930547,True,"interpolated refinement diagnostic, not rigorous certification",physical: angular mean of reconstructed f,unavailable: separate macro/g and coefficients not archived,unavailable: exact field derivative not archived
mm,37,16,1152,12352,0.001250156535924217,0.0007578641872494396,0.0015205285459490756,124.23242753744125,0.0003446871035025046,3.158753174219663e-05,2.3929385456600567e-06,9.205311663864054e-05,0.001227304022633906,0.07500433058231666,True,3.15875697853692e-05,0.000755067112886652,0.04183412208831166,True,2.3929442718286428e-06,0.0015205255215801074,0.001573761333083006,True,common_coarse_grid_only,0.2757151553406742,False,"interpolated refinement diagnostic, not rigorous certification",physical: angular mean of reconstructed f,unavailable: separate macro/g and coefficients not archived,unavailable: exact field derivative not archived
mm,37,32,1152,24448,0.0011637842083518128,0.0008213971179471985,0.00023107997218871167,186.04119915887713,0.0003446871035025046,3.158753174219663e-05,2.3929385456600567e-06,9.205311663864054e-05,0.0011492108134145756,0.08010115773722062,True,3.15875697853692e-05,0.0008187743554318362,0.038579090290034,True,2.3929442718286428e-06,0.0002310697226233646,0.010355940383107035,True,common_coarse_grid_only,0.29617784897653937,False,"interpolated refinement diagnostic, not rigorous certification",physical: angular mean of reconstructed f,unavailable: separate macro/g and coefficients not archived,unavailable: exact field derivative not archived
mm,37,64,1152,48640,0.001322879225843467,0.0011475273495438808,0.0014650394386169874,296.7342315390706,0.0003446871035025046,3.158753174219663e-05,2.3929385456600567e-06,9.205311663864054e-05,0.0013109628629164663,0.07021794380494675,True,3.15875697853692e-05,0.0011455686785537577,0.027573702368720008,True,2.3929442718286428e-06,0.001465038473130083,0.0016333661645868392,True,common_coarse_grid_only,0.2605582556357194,False,"interpolated refinement diagnostic, not rigorous certification",physical: angular mean of reconstructed f,unavailable: separate macro/g and coefficients not archived,unavailable: exact field derivative not archived
mm,37,8,1152,6304,0.1702864031990224,0.10534659657496767,0.7799445847143751,104.86447570472956,0.0003446871035025046,3.158753174219663e-05,2.3929385456600567e-06,9.205311663864054e-05,0.16749643506268297,0.0005495825424833135,True,3.15875697853692e-05,0.10534235801338962,0.0002998563007423304,True,2.3929442718286428e-06,0.7799445844339207,3.068095246235254e-06,True,common_coarse_grid_only,0.0020241610429674248,True,"interpolated refinement diagnostic, not rigorous certification",physical: angular mean of reconstructed f,unavailable: separate macro/g and coefficients not archived,unavailable: exact field derivative not archived
oe,11,16,1152,6304,0.06920700950879705,0.045497806512918446,0.24953755739592381,129.3580063804984,0.0003446871035025046,3.158753174219663e-05,2.3929385456600567e-06,9.205311663864054e-05,0.06569900366615121,0.0014011341344901892,True,3.15875697853692e-05,0.04549660221561304,0.0006942841497409517,True,2.3929442718286428e-06,0.24953755621477527,9.58951553476404e-06,True,common_coarse_grid_only,0.00498052301275481,True,"interpolated refinement diagnostic, not rigorous certification",physical: angular mean of reconstructed f,unavailable: separate macro/g and coefficients not archived,unavailable: exact field derivative not archived
oe,11,32,1152,12352,0.0032669383943680725,0.0030908072930120024,0.0006644693327858671,148.741698987782,0.0003446871035025046,3.158753174219663e-05,2.3929385456600567e-06,9.205311663864054e-05,0.003248166096288308,0.02834002754472131,True,3.15875697853692e-05,0.00308848930824494,0.010227514694981768,True,2.3929442718286428e-06,0.0006644642472240598,0.0036013138130842623,True,common_coarse_grid_only,0.10550768392104248,False,"interpolated refinement diagnostic, not rigorous certification",physical: angular mean of reconstructed f,unavailable: separate macro/g and coefficients not archived,unavailable: exact field derivative not archived
oe,11,64,1152,24448,0.003224365915779688,0.0031209531067189766,0.0014183905939434637,204.20377530157566,0.0003446871035025046,3.158753174219663e-05,2.3929385456600567e-06,9.205311663864054e-05,0.0032145350604198615,0.02863652593872072,True,3.15875697853692e-05,0.0031185495960441884,0.010128929751650362,True,2.3929442718286428e-06,0.0014183883216141947,0.0016870868402986822,True,common_coarse_grid_only,0.10690074033336114,False,"interpolated refinement diagnostic, not rigorous certification",physical: angular mean of reconstructed f,unavailable: separate macro/g and coefficients not archived,unavailable: exact field derivative not archived
oe,11,8,1152,3280,0.5981060326919223,0.05232369154292251,1.4953303982929123,125.29659782350063,0.0003446871035025046,3.158753174219663e-05,2.3929385456600567e-06,9.205311663864054e-05,0.5706835443670852,0.0001613032608829325,True,3.15875697853692e-05,0.05231979659182019,0.0006037403018173751,True,2.3929442718286428e-06,1.4953303629855,1.6002779927848272e-06,True,common_coarse_grid_only,0.000576297654031604,True,"interpolated refinement diagnostic, not rigorous certification",physical: angular mean of reconstructed f,unavailable: separate macro/g and coefficients not archived,unavailable: exact field derivative not archived
oe,23,16,1152,6304,0.0944630757716963,0.058574192090384766,0.37311108006307236,139.31885535642505,0.0003446871035025046,3.158753174219663e-05,2.3929385456600567e-06,9.205311663864054e-05,0.09017659914983513,0.0010208093619242331,True,3.15875697853692e-05,0.0585721425286344,0.0005392933982212935,True,2.3929442718286428e-06,0.37311107537591004,6.413490324343085e-06,True,common_coarse_grid_only,0.0036489083240901863,True,"interpolated refinement diagnostic, not rigorous certification",physical: angular mean of reconstructed f,unavailable: separate macro/g and coefficients not archived,unavailable: exact field derivative not archived
oe,23,32,1152,12352,0.0029489290107746753,0.0027142685434427072,0.0012882545328471132,150.72105407714844,0.0003446871035025046,3.158753174219663e-05,2.3929385456600567e-06,9.205311663864054e-05,0.0029045395011527094,0.0316928437716574,True,3.15875697853692e-05,0.0027121400449459055,0.011646732566127211,True,2.3929442718286428e-06,0.0012882387112419366,0.0018575317221462054,True,common_coarse_grid_only,0.11688552089355189,False,"interpolated refinement diagnostic, not rigorous certification",physical: angular mean of reconstructed f,unavailable: separate macro/g and coefficients not archived,unavailable: exact field derivative not archived
oe,23,64,1152,24448,0.002950660176915704,0.002841764066283107,0.0011308245117579992,176.31062919273973,0.0003446871035025046,3.158753174219663e-05,2.3929385456600567e-06,9.205311663864054e-05,0.002940402040962313,0.03130630279678152,True,3.15875697853692e-05,0.0028394426994877296,0.011124566729614928,True,2.3929442718286428e-06,0.0011308183709458205,0.002116117259244007,True,common_coarse_grid_only,0.11681694361117609,False,"interpolated refinement diagnostic, not rigorous certification",physical: angular mean of reconstructed f,unavailable: separate macro/g and coefficients not archived,unavailable: exact field derivative not archived
oe,23,8,1152,3280,0.7799248482425708,0.08386006224109772,1.6328704971301753,130.0565982349217,0.0003446871035025046,3.158753174219663e-05,2.3929385456600567e-06,9.205311663864054e-05,0.7455765193737597,0.00012346568627987335,True,3.15875697853692e-05,0.08385741180922468,0.0003766819068686595,True,2.3929442718286428e-06,1.6328704922278083,1.4654831985871868e-06,True,common_coarse_grid_only,0.00044194912404598845,True,"interpolated refinement diagnostic, not rigorous certification",physical: angular mean of reconstructed f,unavailable: separate macro/g and coefficients not archived,unavailable: exact field derivative not archived
oe,37,16,1152,6304,0.07807536602786103,0.03974247067239496,0.2938640270350975,143.45671052113175,0.0003446871035025046,3.158753174219663e-05,2.3929385456600567e-06,9.205311663864054e-05,0.07488676843967147,0.0012292307246880097,True,3.15875697853692e-05,0.03974093490789015,0.0007948371083514146,True,2.3929442718286428e-06,0.29386402538326994,8.143032372566404e-06,True,common_coarse_grid_only,0.004414799712620031,True,"interpolated refinement diagnostic, not rigorous certification",physical: angular mean of reconstructed f,unavailable: separate macro/g and coefficients not archived,unavailable: exact field derivative not archived
oe,37,32,1152,12352,0.003816260493714477,0.003651487457043406,0.0018187583327849174,147.90509051829576,0.0003446871035025046,3.158753174219663e-05,2.3929385456600567e-06,9.205311663864054e-05,0.0037966679291976746,0.02424576453756216,True,3.15875697853692e-05,0.003649094025724059,0.008656277301350584,True,2.3929442718286428e-06,0.0018187428216674666,0.001315713383618875,True,common_coarse_grid_only,0.09032064348600341,True,"interpolated refinement diagnostic, not rigorous certification",physical: angular mean of reconstructed f,unavailable: separate macro/g and coefficients not archived,unavailable: exact field derivative not archived
oe,37,64,1152,24448,0.003778787434433379,0.003689300339782964,0.0011056471391155205,163.75202167779207,0.0003446871035025046,3.158753174219663e-05,2.3929385456600567e-06,9.205311663864054e-05,0.00377077364467849,0.024412262658234773,True,3.15875697853692e-05,0.0036867707554692807,0.008567815001382826,True,2.3929442718286428e-06,0.0011056394831353978,0.002164307903551596,True,common_coarse_grid_only,0.09121632520570444,True,"interpolated refinement diagnostic, not rigorous certification",physical: angular mean of reconstructed f,unavailable: separate macro/g and coefficients not archived,unavailable: exact field derivative not archived
oe,37,8,1152,3280,0.6934740025668626,0.0768161367652891,1.006579135002222,118.15547066554427,0.0003446871035025046,3.158753174219663e-05,2.3929385456600567e-06,9.205311663864054e-05,0.6575583011195008,0.00013999232688861052,True,3.15875697853692e-05,0.07681326937038985,0.00041122543076581563,True,2.3929442718286428e-06,1.0065791157570365,2.37730371549477e-06,True,common_coarse_grid_only,0.000497044016396665,True,"interpolated refinement diagnostic, not rigorous certification",physical: angular mean of reconstructed f,unavailable: separate macro/g and coefficients not archived,unavailable: exact field derivative not archived
