epsilon,method,t,seeds,N_coef,N_row,E_f,E_f_min,E_f_max,E_rho,E_rho_min,E_rho_max,density_reference_discrepancy,kinetic_reference_discrepancy,reference_check_pass,compute_seconds
1,oe_ap,0.05,3,256,5376,1.2335203712211857,1.1656926316524219,1.34962398597986,1.5360519407889621,1.3451246246778479,1.718802297394806,0.02030659597467607,0.09765197514467687,True,0.24363135173916817
1,oe_ap,0.1,3,256,5376,0.785382276884057,0.7751031129214547,0.9211091985796134,0.7060218252486448,0.6903916590757079,1.0473924104143995,0.009342192540936179,0.08420340051342837,False,0.24363135173916817
1,oe_unprojected,0.05,3,256,5120,1.1251534316473757,1.1006222220091693,1.1985668819097837,1.2727847708266802,1.1397807820986126,1.3673134122903299,0.02030659597467607,0.09765197514467687,True,0.23324136063456535
1,oe_unprojected,0.1,3,256,5120,0.7791618461258317,0.7511443039059755,0.8401060260993295,0.6441149342046634,0.5960321466574758,0.8454763901574532,0.009342192540936179,0.08420340051342837,False,0.23324136063456535
1,direct,0.05,3,256,5120,0.9868305537733975,0.9834730942634649,1.0705885787361618,0.9391149826479046,0.9387922677038714,1.1253122838987615,0.02030659597467607,0.09765197514467687,True,0.24156856536865234
1,direct,0.1,3,256,5120,0.7153565738272356,0.7057979970678623,0.7380708373395365,0.5342958493277526,0.5140455129673466,0.584742787168679,0.009342192540936179,0.08420340051342837,False,0.24156856536865234
0.01,oe_ap,0.05,3,256,5376,0.03959894118226895,0.03125122372313852,0.04073833083537108,0.03591548106223384,0.030395758698299736,0.03935849525663506,0.000908470139095599,0.0009173270157158584,True,0.25542668253183365
0.01,oe_ap,0.1,3,256,5376,0.02840704379694675,0.02423332842666938,0.028864809636602623,0.015662278035128326,0.015625794535046814,0.019284709216345838,0.0005004947635757316,0.0005056912379086827,True,0.25542668253183365
0.01,oe_unprojected,0.05,3,256,5120,1.2645557748646388,0.9024362441103799,1.9762612308017122,1.2644646501359702,0.9023492609744252,1.9765323160466077,0.000908470139095599,0.0009173270157158584,True,0.2405918501317501
0.01,oe_unprojected,0.1,3,256,5120,1.829196127376482,0.7720262291063976,2.594006952091022,1.8291785703675465,0.7717671056896197,2.594146213636537,0.0005004947635757316,0.0005056912379086827,True,0.2405918501317501
0.01,direct,0.05,3,256,5120,1.9657039144774473,1.8671031694314297,2.245741211431371,1.966232320089161,1.8677924168762885,2.2452080357118174,0.000908470139095599,0.0009173270157158584,True,0.22771910578012466
0.01,direct,0.1,3,256,5120,2.7275173973378104,1.034560758477963,4.337895503389088,2.726191423703539,1.0306327863112779,4.336840013866889,0.0005004947635757316,0.0005056912379086827,True,0.22771910578012466
0.001,oe_ap,0.05,3,256,5376,0.039555697076660526,0.03115506620259003,0.04549346598905883,0.03840253191219873,0.030330855862770584,0.042716970647015726,0.0006620733462079449,0.0006621080145453463,True,0.24327193573117256
0.001,oe_ap,0.1,3,256,5376,0.030705629070705374,0.025847661210921014,0.033131145045817476,0.018300894467955058,0.017305430819632497,0.02550054128540634,0.00033705269676143903,0.00033707010800165273,True,0.24327193573117256
0.001,oe_unprojected,0.05,3,256,5120,2.6498184274712493,2.2730302204145993,16.260143526002437,2.649799949810412,2.273015095441365,16.260201329630384,0.0006620733462079449,0.0006621080145453463,True,0.21750317886471748
0.001,oe_unprojected,0.1,3,256,5120,5.3356014320646,2.7849832217830883,20.387616623252978,5.335576810475529,2.784956179673779,20.387634813430143,0.00033705269676143903,0.00033707010800165273,True,0.21750317886471748
0.001,direct,0.05,3,256,5120,15.377474459078313,7.07417628768889,60.48659113568299,15.377519677723612,7.074065873250418,60.48683459825146,0.0006620733462079449,0.0006621080145453463,True,0.25115010887384415
0.001,direct,0.1,3,256,5120,37.61885562893467,12.591612960023088,70.82388598913599,37.61886149872978,12.591441503030591,70.82393537206089,0.00033705269676143903,0.00033707010800165273,True,0.25115010887384415
